Date,Open,High,Low,Close,Idx,Body,Range,UWick,LWick,Close_Pct_High,Open_Pct_High,Iday_Idx,Iday_High,Iday_Low,Iday_HClose,Iday_LClose,Iday_Range,Close_Pct_DHigh,Open_Pct_DHigh,Yday_High,Yday_Low,Yday_Range,Day_Idx,ADR,ATR,ATR4,SMA4,SMA16,SMA32,BB_Upper_16_2,BB_Lower_16_2,Close_Pct_SMA,High_Pct_SMA,Low_Pct_SMA,RSI,RSI_DVG,SMA4_Slope,SMA16_Slope,SMA32_Slope,SMA4_Slope_SMA,SMA32_Slope_SMA,Sig_High,Sig_Low,SMA_Trend,Hammer,Shooting_Star,Bull_TM,Bear_TM,Bull_TC,Bear_TC,ILR,IHR,S_R,S_R_Level,Bear_BBR_C1,Bear_BBR_C2,Bear_BBR_C3,Bear_BBR_C4,Bear_BBR_V2,Bull_BBR_C1,Bull_BBR_C2,Bull_BBR_C3,Bull_BBR_C4,Bull_BBR_V2,BRS,RS_SMA,Bull_XM,Bear_XM,Symbol,Entry,SL,TP
2026-07-06 17:15:00-04:00,1.33913,1.339465,1.338685,1.339065,0,6.499999999998174e-05,0.0007800000000000029,0.0003349999999999742,0.00038000000000004697,0.5128205128204544,0.4294871794871448,0,1.339465,1.338685,1.339065,1.339065,0.0007800000000000029,0.5128205128204544,0.4294871794871448,,,,0,,,0.0014787500000000287,0.0,0.0,0.0,,,,,,,,,,,0.0,0.0,,,0,,,,,False,False,,,,,,,,,False,,,,,False,7,,False,False,GBPUSD,1.339065,0.0014787500000000287,0.0018484375000000358
2026-07-06 17:30:00-04:00,1.339065,1.339185,1.33878,1.339165,1,9.999999999998899e-05,0.0004049999999999887,2.0000000000131024e-05,0.0002849999999998687,0.04938271604970761,0.29629629629660087,1,1.339465,1.338685,1.339165,1.339065,0.0007800000000000029,0.38461538461534084,0.5128205128204544,,,,0,,,0.0011625000000000663,0.0,0.0,0.0,,,,,,,,,,,0.0,0.0,,,0,True,,,,False,False,,,,,,,,,False,,,,,False,9,,False,False,GBPUSD,1.339165,0.0011625000000000663,0.0014531250000000828
2026-07-06 17:45:00-04:00,1.339165,1.33923,1.338545,1.338995,2,0.00017000000000000348,0.0006849999999998246,6.499999999998174e-05,0.0004499999999998394,0.3430656934307232,0.09489051094890275,2,1.339465,1.338545,1.339165,1.338995,0.0009199999999998099,0.5108695652174647,0.3260869565217706,,,,0,,,0.0010462499999999708,0.0,0.0,0.0,,,,,,,,0.0,0.0,0.0,0.0,0.0,,,0,True,,,,False,False,,,,,,,,,False,,,,,False,11,,False,False,GBPUSD,1.338995,0.0010462499999999708,0.0013078124999999635
2026-07-06 18:00:00-04:00,1.338995,1.33936,1.33887,1.339275,3,0.000280000000000058,0.0004900000000001015,8.500000000011276e-05,0.00012499999999993072,0.17346938775529624,0.7448979591838677,3,1.339465,1.338545,1.339275,1.338995,0.0009199999999998099,0.20652173913038233,0.5108695652174647,,,,0,,,0.0006512499999999921,1.339125,0.0,0.0,,,0.011201344161306413,,,,,89.98716420530842,0.0,0.0,,0.0,,,0,,,,,False,False,,,,,,,,,False,,,,,False,8,8.75,False,False,GBPUSD,1.339275,0.0006512499999999921,0.0008140624999999901
2026-07-06 18:15:00-04:00,1.339275,1.339275,1.339225,1.33924,4,3.500000000000725e-05,4.999999999988347e-05,0.0,1.4999999999876223e-05,0.7000000000017763,0.0,4,1.339465,1.338545,1.339275,1.338995,0.0009199999999998099,0.24456521739126763,0.20652173913038233,,,,0,,,0.00040749999999994957,1.33916875,0.0,0.0,,,0.005320464653910657,,,,,89.98716462464765,0.0,0.0,,0.0,,,0,,,,,False,False,,,,,,,,,False,,,,,False,3,7.75,False,False,GBPUSD,1.33924,0.00040749999999994957,0.000509374999999937
2026-07-06 18:30:00-04:00,1.33924,1.339625,1.339235,1.33949,5,0.0002500000000000835,0.0003900000000001125,0.00013499999999999623,5.000000000032756e-06,0.3461538461537367,0.9871794871794068,5,1.339625,1.338545,1.33949,1.338995,0.0010799999999999699,0.125,0.3564814814815652,,,,0,,,0.0004037499999999805,1.33925,0.0,0.0,,,0.01792047787941146,,,,,22.61986494806529,0.0,0.0,50.64854844450534,0.0,,,0,,,,,False,False,,,,,,,,,False,,,,,False,7,7.25,False,False,GBPUSD,1.33949,0.0004037499999999805,0.0005046874999999756
2026-07-06 18:45:00-04:00,1.33949,1.339655,1.33949,1.339655,6,0.00016499999999997073,0.00016499999999997073,0.0,0.0,0.0,1.0,6,1.339655,1.338545,1.339655,1.338995,0.0011099999999999444,0.0,0.14864864864862973,,,,0,,,0.00027375000000001704,1.339415,0.0,0.0,,,0.017918270289642716,,,,,39.38029064229092,0.0,0.0,60.49362110507807,0.0,,,0,,,,,False,False,,,,,,,,,False,,,,,False,3,5.25,False,False,GBPUSD,1.339655,0.00027375000000001704,0.0003421875000000213
2026-07-06 19:00:00-04:00,1.339655,1.340155,1.339645,1.339845,7,0.00018999999999991246,0.0005100000000000104,0.00031000000000003247,1.0000000000065512e-05,0.6078431372549532,0.980392156862617,7,1.340155,1.338545,1.339845,1.338995,0.0016099999999998893,0.1925465838509651,0.3105590062111673,,,,0,,,0.0002787499999999943,1.3395575,0.0,0.0,,,0.02146231124830372,,,,,45.707319368535416,0.0,0.0,49.42365989588482,0.0,,,0,,,,,False,False,,,,,,,,,False,,,,,False,6,4.75,False,False,GBPUSD,1.339845,0.0002787499999999943,0.00034843749999999285
2026-07-06 19:15:00-04:00,1.339845,1.34007,1.339835,1.33985,8,5.000000000032756e-06,0.00023499999999998522,0.000220000000000109,9.999999999843467e-06,0.9361702127664802,0.9574468085113017,8,1.340155,1.338545,1.33985,1.338995,0.0016099999999998893,0.18944099378883272,0.1925465838509651,,,,0,,,0.0003250000000000197,1.33971,0.0,0.0,,,0.01045002276612319,,,,,44.51853419415526,0.0,0.0,38.05650228826172,0.0,,,0,,,,,False,False,,,,,,,,,False,,,,,False,7,5.75,False,False,GBPUSD,1.33985,0.0003250000000000197,0.00040625000000002465
2026-07-06 19:30:00-04:00,1.33985,1.339935,1.339695,1.339815,9,3.500000000000725e-05,0.00024000000000001798,8.500000000011276e-05,0.00011999999999989797,0.5000000000004626,0.35416666666711,9,1.340155,1.338545,1.33985,1.338995,0.0016099999999998893,0.21118012422362134,0.18944099378883272,,,,0,,,0.0002874999999999961,1.33979125,0.0,0.0,,,0.0017726642116814137,,,,,37.92453317421787,0.0,0.0,41.882669344799865,0.0,,,0,,,,,False,False,,,,,,,,,False,,,,,False,12,7.0,False,False,GBPUSD,1.339815,0.0002874999999999961,0.0003593749999999951
2026-07-06 19:45:00-04:00,1.339815,1.339845,1.339365,1.33941,10,0.0004049999999999887,0.00048000000000003595,2.999999999997449e-05,4.500000000007276e-05,0.9062499999998554,0.06249999999994218,10,1.340155,1.338545,1.33985,1.338995,0.0016099999999998893,0.4627329192546875,0.21118012422362134,,,,0,,,0.0003662500000000124,1.3397299999999999,0.0,0.0,,,0.023885409746730757,,,,,3.8140748342730477,0.0,0.0,32.9911153927954,0.0,,1.338545,0,,,,,False,False,,,,,,,,,False,,,,,False,3,7.0,False,False,GBPUSD,1.33941,0.0003662500000000124,0.0004578125000000155
2026-07-06 20:00:00-04:00,1.33941,1.33958,1.339305,1.33944,11,2.999999999997449e-05,0.0002750000000000252,0.000140000000000029,0.00010500000000002174,0.5090909090909678,0.6181818181817741,11,1.340155,1.338545,1.33985,1.338995,0.0016099999999998893,0.44409937888203127,0.4627329192546875,,,,0,,,0.0003075000000000161,1.33962875,0.0,0.0,,,0.01408972448523218,,,,,-28.442928624373003,0.0,0.0,14.453553394568294,0.0,,1.338545,0,,,,,False,False,,,,,,,,,False,,,,,False,9,7.75,False,False,GBPUSD,1.33944,0.0003075000000000161,0.0003843750000000201
2026-07-06 20:15:00-04:00,1.33944,1.33944,1.339095,1.339155,12,0.0002849999999998687,0.0003450000000000397,0.0,6.000000000017103e-05,0.8260869565212634,0.0,12,1.340155,1.338545,1.33985,1.338995,0.0016099999999998893,0.6211180124223346,0.44409937888203127,,,,0,,0.000355833333333333,0.0003350000000000297,1.339455,0.0,0.0,,,0.022397168997836205,,,,,-42.51044707798042,0.0,0.0,-7.303691923465627,0.0,,1.338545,0,,,,,False,False,,,,,,,,,False,,,,,False,8,8.0,False,False,GBPUSD,1.339155,0.0003350000000000297,0.00041875000000003715
2026-07-06 20:30:00-04:00,1.339155,1.339325,1.338845,1.33905,13,0.00010500000000002174,0.00048000000000003595,0.00017000000000000348,0.00020500000000001073,0.5729166666666763,0.35416666666664737,13,1.340155,1.338545,1.33985,1.338995,0.0016099999999998893,0.6863354037267003,0.6211180124223346,,,,0,,0.0003620833333333369,0.0003950000000000342,1.33926375,0.0,0.0,,,0.01596026174828532,,,,,-50.58260575652712,0.0,0.0,-29.430476656151875,0.0,,1.338545,0,,,,,False,False,,,,,,,,,False,,,,,False,6,6.5,False,False,GBPUSD,1.33905,0.0003950000000000342,0.0004937500000000428
2026-07-06 20:45:00-04:00,1.33905,1.339235,1.3388,1.338825,14,0.00022500000000014175,0.0004349999999999632,0.0001849999999998797,2.4999999999941735e-05,0.942528735632313,0.42528735632159853,14,1.340155,1.338545,1.33985,1.338825,0.0016099999999998893,0.8260869565218291,0.6863354037267003,,,,0,,0.00034125000000001515,0.000383750000000016,1.3391175,0.0,0.0,,,0.021842743448579297,,,,,-48.36646066343837,0.0,0.0,-42.47561053057973,0.0,,1.338545,0,,,,,False,False,,,,,,,,,False,,,,,False,3,6.5,False,False,GBPUSD,1.338825,0.000383750000000016,0.00047968750000002003
2026-07-06 21:00:00-04:00,1.338825,1.33916,1.3388,1.33899,15,0.00016499999999997073,0.00035999999999991594,0.00017000000000000348,2.4999999999941735e-05,0.47222222222234217,0.9305555555557012,15,1.340155,1.338545,1.33985,1.338825,0.0016099999999998893,0.7236024844721508,0.8260869565218291,,,,0,,0.00033041666666666636,0.0004049999999999887,1.339005,1.3393290625,0.0,,,0.0011202348012216733,0.012622924771346099,0.03950205478349843,,,-40.777769793854496,89.9871661609923,0.0,-45.5593208229501,0.0,1.340155,1.338545,0,,,,,False,False,,,,,,,,,False,,,,,False,10,6.75,False,False,GBPUSD,1.33899,0.0004049999999999887,0.0005062499999999859
2026-07-06 21:15:00-04:00,1.33899,1.339255,1.33883,1.339255,16,0.00026500000000018176,0.0004250000000001197,0.0,0.00015999999999993797,0.0,0.6235294117649579,16,1.340155,1.338545,1.33985,1.338825,0.0016099999999998893,0.5590062111801011,0.7236024844721508,,,,0,,0.00036166666666668606,0.0004250000000000087,1.33903,1.3393409375,0.0,,,0.01680320829258058,0.00641640209701768,0.038148427013199246,53.50553505535276,,-16.26020470831515,89.98716627478099,0.0,-38.99676023053378,0.0,1.340155,1.338545,0,,,,,False,False,,,,,,,,,False,,,,,False,1,5.0,False,False,GBPUSD,1.339255,0.0004250000000000087,0.0005312500000000109
2026-07-06 21:30:00-04:00,1.339255,1.33998,1.339115,1.339145,17,0.0001100000000000545,0.0008649999999998936,0.0007249999999998646,2.999999999997449e-05,0.9653179190751697,0.8381502890172876,17,1.340155,1.338545,1.33985,1.338825,0.0016099999999998893,0.6273291925465992,0.5590062111801011,,,,0,,0.00040125000000000116,0.0005212499999999731,1.33905375,1.3393396875,0.0,1.3399645721768605,1.3387148028231397,0.006814513607097415,0.047808073334633494,0.016775990594248898,51.285074274936385,,9.229886243714839,2.0283777159664282,0.0,-24.043637230473294,0.0,1.340155,1.338545,0,,True,,,False,False,,,,,,,,,False,,,,,False,8,5.5,False,False,GBPUSD,1.339145,0.0005212499999999731,0.0006515624999999664
2026-07-06 21:45:00-04:00,1.339145,1.340195,1.339145,1.339675,18,0.0005299999999999194,0.0010499999999999954,0.000520000000000076,0.0,0.49523809523816975,1.0,18,1.340195,1.338545,1.33985,1.338825,0.0016499999999999293,0.3151515151515747,0.6363636363636608,,,,0,,0.0004750000000000032,0.0006749999999999812,1.33926625,1.3393821875,0.0,1.3399999755780454,1.3387643994219547,0.03052044356376835,0.060685628611884306,0.017708724381554717,59.84867133954294,,38.2204320548689,7.829076510058236,0.0,-2.3969140508964766,0.0,1.340155,1.338545,0,,,,,False,False,,True,1.0,1.340155,,,,,False,,,,,False,10,7.25,False,False,GBPUSD,1.339675,0.0006749999999999812,0.0008437499999999765
2026-07-06 22:00:00-04:00,1.339675,1.33997,1.33962,1.339745,19,7.00000000000145e-05,0.0003500000000000725,0.00022500000000014175,5.499999999991623e-05,0.6428571428574148,0.8428571428574148,19,1.340195,1.338545,1.33985,1.338825,0.0016499999999999293,0.27272727272732167,0.3151515151515747,,,,0,,0.00046166666666667505,0.0006725000000000203,1.339455,1.3394115625,0.0,1.3400505041909039,1.3387726208090962,0.021650596697903358,0.04169274893802957,0.01556187103618434,60.819003773546164,,53.215874415112054,13.473158112720943,0.0,21.101497001345162,0.0,1.340155,1.338545,2,,True,,,False,False,,,,,,,,,False,,,,,False,4,5.75,False,False,GBPUSD,1.339745,0.0006725000000000203,0.0008406250000000254
2026-07-06 22:15:00-04:00,1.339745,1.339755,1.339325,1.33934,20,0.0004049999999999887,0.00042999999999993044,1.0000000000065512e-05,1.4999999999876223e-05,0.9651162790700496,0.023255813953644486,20,1.340195,1.338545,1.33985,1.338825,0.0016499999999999293,0.5181818181818708,0.27272727272732167,,,,0,,0.0004779166666666705,0.000673749999999973,1.33947625,1.3394178125,0.0,1.3400518567487516,1.3387837682512485,0.010171886212984284,0.025174183653019204,0.00692931653840672,52.92547655278033,,34.992020198535776,6.772159966110471,0.0,33.91455322805789,0.0,1.340155,1.338545,2,,,,,False,False,,,,,,,,,False,,,,,False,8,7.5,False,False,GBPUSD,1.33934,0.000673749999999973,0.0008421874999999662
2026-07-06 22:30:00-04:00,1.33934,1.33958,1.3392,1.339255,21,8.499999999989072e-05,0.00038000000000004697,0.00024000000000001798,5.500000000013827e-05,0.8552631578943909,0.6315789473683903,21,1.340195,1.338545,1.33985,1.338825,0.0016499999999999293,0.5696969696969583,0.5181818181818708,,,,0,,0.0004895833333333396,0.0005525000000000113,1.33950375,1.339403125,0.0,1.3400406776939007,1.3387655723060994,0.018570310086844385,0.013205508983709834,0.015165337172114013,51.43113275747059,,9.229886243714839,-1.6110191079442069,0.0,33.91455322805789,0.0,1.340155,1.338545,2,,True,,,False,False,,,,,,,,,False,,,,,False,6,7.0,False,False,GBPUSD,1.339255,0.0005525000000000113,0.0006906250000000141
2026-07-06 22:45:00-04:00,1.339255,1.339285,1.3391,1.33913,22,0.00012500000000015277,0.00018500000000010175,2.999999999997449e-05,2.999999999997449e-05,0.8378378378380649,0.1621621621619351,22,1.340195,1.338545,1.33985,1.338825,0.0016499999999999293,0.6454545454546299,0.5696969696969583,,,,0,,0.0004650000000000117,0.0003362500000000379,1.3393675,1.3393703125,0.0,1.3400066739219727,1.3387339510780274,0.017732250483912193,0.006369597653747452,0.02018205849997826,49.24985719461591,,-19.925580658164034,-8.997143421060985,0.0,19.378050049799658,0.0,1.340155,1.338545,0,,,,,False,False,,,,,,,,,False,,,,,False,5,5.75,False,False,GBPUSD,1.33913,0.0003362500000000379,0.0004203125000000474
2026-07-06 23:00:00-04:00,1.33913,1.339455,1.33911,1.33934,23,0.00021000000000004349,0.0003450000000000397,0.00011500000000008725,1.999999999990898e-05,0.33333333333354787,0.9420289855075169,23,1.340195,1.338545,1.33985,1.338825,0.0016499999999999293,0.5181818181818708,0.6454545454546299,,,,0,,0.00047083333333334626,0.0003350000000000297,1.33926625,1.33933875,0.0,1.3399260052681756,1.3387514947318244,0.0055067466980424935,0.008679656285614071,0.017079323658783094,52.83450771549258,,-38.36748538484869,-12.111059759604311,0.0,-3.5177899001905275,0.0,1.340155,1.338545,0,,,,,False,False,,,,,,,,,False,,,,,False,5,6.0,False,False,GBPUSD,1.33934,0.0003350000000000297,0.00041875000000003715
2026-07-06 23:15:00-04:00,1.33934,1.3397,1.339305,1.339325,24,1.4999999999876223e-05,0.0003949999999999232,0.00035999999999991594,2.0000000000131024e-05,0.9493670886072534,0.9113924050632556,24,1.340195,1.338545,1.33985,1.338825,0.0016499999999999293,0.5272727272727052,0.5181818181818708,,,,0,,0.0004750000000000032,0.0003262500000000279,1.3392625,1.3393059375,0.0,1.3398305947541909,1.3387812802458092,0.004666747556963357,0.029422889047697336,6.99989430216e-05,52.55169627141081,,-19.290046219192433,-12.111059759604311,0.0,-17.08830650462258,0.0,1.340155,1.338545,0,,,,,False,False,,,,,,,,,False,,,,,False,5,5.25,False,False,GBPUSD,1.339325,0.0003262500000000279,0.0004078125000000349
2026-07-06 23:30:00-04:00,1.339325,1.33944,1.33906,1.339175,25,0.0001500000000000945,0.00038000000000004697,0.00011499999999986521,0.00011500000000008725,0.6973684210524393,0.3026315789469763,25,1.340195,1.338545,1.33985,1.338825,0.0016499999999999293,0.6181818181818574,0.5272727272727052,,,,0,,0.0004666666666666708,0.0003262500000000279,1.3392425000000001,1.3392659375,0.0,1.3397224079090901,1.3388094670909099,0.005040162629255653,0.012996858586942198,0.01537689373213722,49.71325299341228,,-4.526475279096706,-13.642367564499198,0.0,-20.527396885325466,0.0,1.340155,1.338545,0,,,,,False,False,,,,,,,,,False,,,,,False,5,5.0,False,False,GBPUSD,1.339175,0.0003262500000000279,0.0004078125000000349
2026-07-06 23:45:00-04:00,1.339175,1.339235,1.33893,1.339,26,0.00017500000000003624,0.0003049999999999997,5.999999999994898e-05,7.00000000000145e-05,0.7704918032786408,0.19672131147524274,26,1.340195,1.338545,1.33985,1.338825,0.0016499999999999293,0.7242424242424899,0.6181818181818574,,,,0,,0.0004558333333333405,0.0003562500000000024,1.33921,1.3392403125,0.0,1.3397074643590086,1.3387731606409916,0.015680886492786306,0.0003966801141323878,0.023170785489637927,46.58220964758539,,-9.92624550665372,-12.339087278318553,0.0,-18.02756309744789,0.0,1.340195,1.338545,0,,,,,False,False,,,,,,,,,False,,,,,False,2,4.25,False,False,GBPUSD,1.339,0.0003562500000000024,0.000445312500000003
2026-07-07 00:00:00-04:00,1.339,1.33923,1.338925,1.339125,27,0.00012499999999993072,0.0003049999999999997,0.00010500000000002174,7.500000000004725e-05,0.3442622950820388,0.7540983606555826,27,1.340195,1.338545,1.33985,1.338825,0.0016499999999999293,0.6484848484849529,0.7242424242424899,,,,0,,0.00045125000000001414,0.0003462499999999924,1.33915625,1.339220625,0.0,1.3396789217788454,1.3387623282211547,0.002333558910705843,0.0007000340216435308,0.022074406149482098,49.028161393913315,,-16.03994330606121,-8.589126455060088,0.0,-12.445677577751017,0.0,1.340195,1.338545,0,,,,,False,False,,,,,,,,,False,,,,,False,10,5.5,False,False,GBPUSD,1.339125,0.0003462499999999924,0.0004328124999999905
2026-07-07 00:15:00-04:00,1.339125,1.339325,1.33896,1.33902,28,0.0001049999999997997,0.00036500000000017074,0.00020000000000020002,6.000000000017103e-05,0.8356164383557727,0.5479452054797437,28,1.340195,1.338545,1.33985,1.338825,0.0016499999999999293,0.7121212121211978,0.6484848484849529,,,,0,,0.0004462500000000184,0.0003387500000000543,1.33908,1.3392121875,0.0,1.339679880892486,1.3387444941075142,0.004480688233708888,0.008423795799727147,0.018831033823765265,47.095954707995155,,-23.428692808739534,-5.355825042863799,0.0,-13.480339225137794,0.0,1.340195,1.338545,0,,,,,False,False,,,,,,,,,False,,,,,False,11,7.0,False,False,GBPUSD,1.33902,0.0003387500000000543,0.00042343750000006786
2026-07-07 00:30:00-04:00,1.33902,1.33932,1.339,1.33915,29,0.00012999999999996348,0.000320000000000098,0.00017000000000000348,2.0000000000131024e-05,0.5312499999998482,0.9374999999996096,29,1.340195,1.338545,1.33985,1.338825,0.0016499999999999293,0.6333333333333379,0.7121212121211978,,,,0,,0.00040083333333336874,0.00032375000000006704,1.33907375,1.3392184375,0.0,1.3396799258361203,1.3387569491638798,0.005694234540853327,0.007583714288584146,0.016310819346829455,49.71320185160669,,-15.37625124882359,-0.4177743215954535,0.0,-16.192783217569513,0.0,1.340195,1.338545,0,,,,,False,True,,,,,,,,,False,,,,,False,12,8.75,False,False,GBPUSD,1.33915,0.00032375000000006704,0.0004046875000000838
2026-07-07 00:45:00-04:00,1.33915,1.339315,1.33888,1.33891,30,0.00024000000000001798,0.0004349999999999632,0.00016499999999997073,2.999999999997449e-05,0.9310344827586735,0.379310344827551,30,1.340195,1.338545,1.33985,1.338825,0.0016499999999999293,0.7787878787879005,0.6333333333333379,,,,0,,0.00034958333333336605,0.0003562500000000579,1.33905125,1.33922375,0.0,1.339668658698499,1.338778841301501,0.010548513359737475,0.006813648578148215,0.025667854232712423,45.30002892441012,,-5.474128200613336,2.207182374202606,0.0,-15.079753891059418,0.0,1.340195,1.338545,0,,,,,False,False,,,,,,,,,False,,,,,False,8,10.25,False,False,GBPUSD,1.33891,0.0003562500000000579,0.0004453125000000724
2026-07-07 01:00:00-04:00,1.33891,1.33902,1.338415,1.3385,31,0.00041000000000002146,0.0006050000000001887,0.0001100000000000545,8.500000000011276e-05,0.8595041322312624,0.18181818181821519,31,1.340195,1.338415,1.33985,1.3385,0.0017800000000001148,0.9522471910111757,0.7219101123594931,,,,0,,0.00037083333333337576,0.00043125000000010516,1.338895,1.339193125,1.33926109375,1.3397512342522975,1.3386350157477025,0.029501940032633123,0.01292756039199986,0.05810401692437555,38.992470264175736,,-30.787895268781423,-4.822908056472932,89.98716550966303,-18.76674188173947,,1.340195,1.338545,-2,,,,True,False,False,,,4.0,1.338545,,,,,False,,,,,False,2,8.25,False,False,GBPUSD,1.3385,0.00043125000000010516,0.0005390625000001315
2026-07-07 01:15:00-04:00,1.3385,1.33854,1.33797,1.338165,32,0.0003349999999999742,0.0005699999999999594,4.0000000000040004e-05,0.00019499999999994522,0.657894736842177,0.0701754385965664,32,1.340195,1.33797,1.33985,1.338165,0.0022249999999999215,0.9123595505618193,0.7617977528090166,,,,0,,0.00038250000000004486,0.00048250000000005233,1.33868125,1.3391250000000001,1.33923296875,1.3398708049342825,1.3383791950657178,0.038564071917791924,0.04368524222907179,0.08625035004200632,34.772681812154715,,-50.96448710125171,-18.219821750541957,89.98716524012812,-25.650690454867515,,1.340195,1.338545,-2,,,,,False,False,,,,,,,,,False,,,,,False,0,5.5,False,False,GBPUSD,1.338165,0.00048250000000005233,0.0006031250000000654
2026-07-07 01:30:00-04:00,1.338165,1.338535,1.33801,1.338065,33,9.999999999998899e-05,0.0005250000000001087,0.00036999999999998145,5.500000000013827e-05,0.8952380952378536,0.7047619047617235,33,1.340195,1.33797,1.33985,1.338065,0.0022249999999999215,0.957303370786535,0.9123595505618193,,,,0,,0.0003945833333333833,0.000533750000000055,1.33841,1.3390575,1.33919859375,1.339962375682069,1.338152624317931,0.02577685462601443,0.039019982338322386,0.07822666315674197,33.61438717843107,,-58.26085920417674,-24.32693292684249,-11.768288932034626,-36.3718424437058,-0.01504567698285672,1.340195,1.338545,-2,,True,,,False,False,,,,,,,,,False,,,,,False,4,3.5,False,False,GBPUSD,1.338065,0.000533750000000055,0.0006671875000000688
2026-07-07 01:45:00-04:00,1.338065,1.33852,1.337945,1.33846,34,0.0003949999999999232,0.0005749999999999922,5.999999999994898e-05,0.00012000000000012001,0.10434782608686921,0.7913043478258754,34,1.340195,1.337945,1.33985,1.338065,0.0022500000000000853,0.7711111111111005,0.9466666666666154,,,,0,,0.00042708333333337417,0.0005687500000000623,1.3382975,1.3389815625,1.339181875,1.339870190084748,1.3380929349152522,0.012142292726397934,0.03447116173417652,0.07741424744227357,41.784784663489596,,-51.98316348217395,-25.55362924577431,-9.665446430020596,-47.999101264095955,-1.6395195358007926,1.340195,1.338545,-2,,,,,True,False,,,,,,,,,False,True,,,,True,5,2.75,False,False,GBPUSD,1.33846,0.0005687500000000623,0.0007109375000000778
2026-07-07 02:00:00-04:00,1.33846,1.338695,1.337515,1.337715,35,0.0007449999999999957,0.0011799999999999589,0.00023499999999998522,0.00019999999999997797,0.830508474576284,0.19915254237287577,35,1.340195,1.337515,1.33985,1.337715,0.0026800000000000157,0.9253731343283669,0.6473880597015045,,,,0,,0.0004966666666667008,0.0007125000000000048,1.33810125,1.3388546875,1.339133125,1.3398449429515755,1.3378644320484245,0.028865528673561312,0.011927171894826026,0.10006220335244706,33.49203349584228,,-45.82349658959864,-34.06033188975232,-12.310605386935869,-51.75800159430026,-5.883602685641638,1.340195,1.338545,-2,,,,True,False,False,,,1.0,1.338545,,,,,False,,,,,False,4,3.25,False,False,GBPUSD,1.337715,0.0007125000000000048,0.000890625000000006
2026-07-07 02:15:00-04:00,1.337715,1.33812,1.3377,1.33783,36,0.00011500000000008725,0.00042000000000008697,0.00028999999999990145,1.5000000000098268e-05,0.6904761904758129,0.9642857142854877,36,1.340195,1.337515,1.33985,1.337715,0.0026800000000000157,0.8824626865671406,0.9253731343283669,,,,0,,0.0004987500000000478,0.0006750000000000367,1.3380175,1.3387603125,1.3390890625,1.3398320369792274,1.3376885880207727,0.014013269632124174,0.04782876322381816,0.07920107058000048,35.59658544511696,,-43.02506598910128,-36.408774567779986,-17.190760167678658,-49.773146316262654,-10.040234892321292,1.340195,1.338545,-2,,True,,,False,False,,,,,,,,,False,,,,,False,4,4.25,False,False,GBPUSD,1.33783,0.0006750000000000367,0.0008437500000000459
2026-07-07 02:30:00-04:00,1.33783,1.338355,1.337825,1.33818,37,0.00034999999999985043,0.0005299999999999194,0.00017500000000003624,5.000000000032756e-06,0.3301886792454016,0.9905660377357858,37,1.340195,1.337515,1.33985,1.337715,0.0026800000000000157,0.7518656716418239,0.8824626865671406,,,,0,,0.0005112500000000372,0.0006762499999999894,1.33804625,1.338693125,1.339048125,1.3397671587227016,1.3376190912772985,0.009995917555153382,0.025257842420015265,0.06484869338519963,41.59623337008484,,-10.388857815454134,-28.304314731123167,-15.819193947520077,-37.805145969082,-11.071757478681274,1.340195,1.338545,-2,,,,,True,False,,,,,,,,,False,,,,,False,1,3.5,False,False,GBPUSD,1.33818,0.0006762499999999894,0.0008453124999999867
2026-07-07 02:45:00-04:00,1.33818,1.338375,1.337815,1.33805,38,0.00012999999999996348,0.000560000000000116,0.00019500000000016726,0.00023499999999998522,0.5803571428572561,0.3482142857145123,38,1.340195,1.337515,1.33985,1.337715,0.0026800000000000157,0.8003731343283772,0.7518656716418239,,,,0,,0.0005325000000000468,0.0006725000000000203,1.33794375,1.338625625,1.33899796875,1.339716959475539,1.337534290524461,0.007941290506418855,0.01872256105958212,0.060556512953347484,40.115643851376376,,-13.81133479187872,-24.178093456826165,-16.89069440532965,-28.262188796508195,-12.733995773499075,1.340195,1.338545,-2,,,,,False,False,,,,,,,,,False,,,,,False,5,3.5,False,False,GBPUSD,1.33805,0.0006725000000000203,0.0008406250000000254
2026-07-07 03:00:00-04:00,1.33805,1.33809,1.337505,1.33787,39,0.000180000000000069,0.0005850000000000577,4.0000000000040004e-05,0.0003649999999999487,0.3760683760685253,0.06837606837613001,39,1.340195,1.337505,1.33985,1.337715,0.002690000000000081,0.8643122676580157,0.7973977695167281,,,,0,,0.000555833333333385,0.000523750000000045,1.3379824999999999,1.33853375,1.33893625,1.3396165271007923,1.337450972899208,0.008408181721357332,0.033151947046540745,0.07685648568817437,38.11208874453738,,-11.996899307969464,-27.97947438847443,-20.4513237835065,-19.8055394761009,-14.537252607139854,1.340195,1.338545,-2,True,,,,False,False,,,,,,,,,False,,,,,False,4,3.5,False,False,GBPUSD,1.33787,0.000523750000000045,0.0006546875000000563
2026-07-07 03:15:00-04:00,1.33787,1.338585,1.337805,1.337945,40,7.500000000004725e-05,0.0007800000000000029,0.0006399999999999739,6.499999999998174e-05,0.8205128205127841,0.9166666666666904,40,1.340195,1.337505,1.33985,1.337715,0.002690000000000081,0.8364312267658057,0.8643122676580157,,,,0,,0.0005904166666667043,0.000613750000000024,1.3380112499999999,1.3384475,1.33887671875,1.3394832545558675,1.3374117454441325,0.004951378398345636,0.010273096255168887,0.048003377046922,39.45601672901263,,12.680383491799294,-30.699722550802825,-22.00691713991086,-5.8791771058757565,-15.532194816588477,1.340195,1.338545,-2,,True,,,False,True,,,1.0,1.338545,,,,,False,,,,,False,7,4.25,False,False,GBPUSD,1.337945,0.000613750000000024,0.00076718750000003
2026-07-07 03:30:00-04:00,1.337945,1.338515,1.337905,1.338135,41,0.0001900000000001345,0.0006099999999999994,0.0003799999999998249,4.0000000000040004e-05,0.6229508196718447,0.934426229508131,41,1.340195,1.337505,1.33985,1.337715,0.002690000000000081,0.7657992565055348,0.8364312267658057,,,,0,,0.0006145833333333628,0.000633750000000044,1.338,1.3383825,1.33882421875,1.3393561464964248,1.3374088535035753,0.010089686098654427,0.0099000099000001,0.03567739416796996,42.81182741241686,,3.338470543807306,-26.755718624717414,-20.477517559986765,-2.447345016060396,-16.61300927378881,1.340195,1.338545,-2,,,,,False,True,,,,,,,,,False,,,,,False,5,5.25,False,False,GBPUSD,1.338135,0.000633750000000044,0.000792187500000055
2026-07-07 03:45:00-04:00,1.338135,1.338365,1.337725,1.337745,42,0.0003900000000001125,0.0006399999999999739,0.00022999999999995246,1.999999999990898e-05,0.968750000000141,0.3593749999999404,42,1.340195,1.337505,1.33985,1.337715,0.002690000000000081,0.9107806691449775,0.7657992565055348,,,,0,,0.000631666666666697,0.0006537500000000085,1.3379237499999999,1.3383040625,1.3387721875,1.3392682475104494,1.3373398774895506,0.013360253153432271,0.004553337444570786,0.04326838094761813,38.17857551796448,,-16.26020470831515,-25.55362924577431,-19.210252691597525,-3.0595624951695037,-17.240330509494687,1.340195,1.338545,-2,,,,,False,False,,,,,,,,,False,,,,,False,5,5.25,False,False,GBPUSD,1.337745,0.0006537500000000085,0.0008171875000000106
2026-07-07 04:00:00-04:00,1.337745,1.3387,1.33773,1.338535,43,0.0007900000000000684,0.0009699999999999154,0.00016499999999997073,1.4999999999876223e-05,0.1701030927834898,0.9845360824743531,43,1.340195,1.337505,1.33985,1.337715,0.002690000000000081,0.6171003717471913,0.9107806691449775,,,,0,,0.0006620833333333409,0.0007499999999999729,1.33809,1.3382671875,1.33874390625,1.3391441493631246,1.3373902256368755,0.03325635794304036,0.0323412621965623,0.04014052687068369,49.894985190733586,,16.699244233980213,-21.02551190946292,-14.987123453855341,4.114473390317915,-15.82963760767115,1.340195,1.338545,-2,,,,,False,False,,,1.0,1.338545,,,,,False,,,,,False,6,5.75,False,False,GBPUSD,1.338535,0.0007499999999999729,0.0009374999999999661
2026-07-07 04:15:00-04:00,1.338535,1.339095,1.338255,1.338955,44,0.0004199999999998649,0.0008399999999999519,0.000140000000000029,0.000280000000000058,0.16666666666671073,0.6666666666665786,44,1.340195,1.337505,1.33985,1.337715,0.002690000000000081,0.4609665427509637,0.6171003717471913,,,,0,,0.0006845833333333403,0.0007649999999999602,1.3383425,1.338263125,1.33873765625,1.3391265981828495,1.3373996518171507,0.04576556449488115,0.062160795172460225,0.0006071302308457835,54.75742035204916,,54.38151016075694,-7.770492637598225,-6.566086740623054,14.539755057557327,-12.801763943960607,1.340195,1.338545,0,,,True,,False,False,,,2.0,1.338545,,,,,False,,,,,False,8,6.0,False,False,GBPUSD,1.338955,0.0007649999999999602,0.0009562499999999502
2026-07-07 04:30:00-04:00,1.338955,1.33931,1.3387,1.33875,45,0.00020499999999978868,0.0006099999999999994,0.00035500000000010523,5.0000000000105516e-05,0.9180327868850728,0.5819672131149272,45,1.340195,1.337505,1.33985,1.337715,0.002690000000000081,0.5371747211895446,0.4609665427509637,,,,0,,0.0006916666666666645,0.0007649999999999602,1.33849625,1.338238125,1.33872828125,1.33901639933306,1.33745985066694,0.018957841682422615,0.0800959844123448,0.034513663254068176,52.12386451995289,,53.55555824340894,-5.5332622908304305,-2.981461219954109,27.094026982457734,-9.547446318962606,1.340195,1.338545,0,,,,,False,False,,,,,,,,,False,,,,,False,7,6.5,False,False,GBPUSD,1.33875,0.0007649999999999602,0.0009562499999999502
2026-07-07 04:45:00-04:00,1.33875,1.339395,1.338645,1.33916,46,0.0004099999999997994,0.0007499999999998064,0.00023499999999998522,0.00010500000000002174,0.3133333333333945,0.8599999999999348,46,1.340195,1.337505,1.33985,1.337715,0.002690000000000081,0.3847583643123003,0.5371747211895446,,,,0,,0.0007062499999999824,0.0007924999999999183,1.3388499999999999,1.33825375,1.33873875,1.3390930018990148,1.3374144981009852,0.023154199499572953,0.08527904367911329,0.029235860538411727,56.57897371572968,,59.411265032751274,-1.7899106082630833,0.20888993730659683,46.01189441772434,-6.1793923909566795,1.340195,1.338545,1,,,,,False,False,,,,,,,,,False,,,,,False,8,7.25,False,False,GBPUSD,1.33916,0.0007924999999999183,0.0009906249999998978
2026-07-07 05:00:00-04:00,1.33916,1.339245,1.33887,1.33893,47,0.00022999999999995246,0.0003750000000000142,8.500000000011276e-05,5.999999999994898e-05,0.8400000000001421,0.22666666666695878,47,1.340195,1.337505,1.33985,1.337715,0.002690000000000081,0.4702602230483396,0.3847583643123003,,,,0,,0.0006391666666666537,0.000643749999999943,1.33894875,1.338280625,1.338736875,1.339175400635285,1.3373858493647148,0.0014003523286426239,0.07206074585441513,0.04403971700629785,53.59473150904602,,56.45628152869999,8.063246165687021,1.6408366341377123,55.95115374140428,-3.1408282871268516,1.340195,1.337505,1,,,,,True,False,,,,,True,,,,True,,,,,False,4,6.75,False,False,GBPUSD,1.33893,0.000643749999999943,0.0008046874999999287
2026-07-07 05:15:00-04:00,1.33893,1.33913,1.33861,1.33881,48,0.00011999999999989797,0.0005199999999998539,0.00019999999999997797,0.00019999999999997797,0.6153846153845497,0.3846153846154503,48,1.340195,1.337505,1.33985,1.337715,0.002690000000000081,0.5148698884758096,0.4702602230483396,,,,0,,0.0006474999999999675,0.0005637499999999185,1.3389125,1.3383209375,1.33872296875,1.3392487522629646,1.3373931227370355,0.0076554666567004446,0.060453548721373256,0.021598892455498772,52.06639617064206,,11.768288932034626,12.623563597704432,-3.0112212326589565,45.29784843422371,-2.2649378608659214,1.340195,1.337505,1,,,,,False,False,,,,,,,,,False,,,,,False,4,5.75,False,False,GBPUSD,1.33881,0.0005637499999999185,0.0007046874999998981
2026-07-07 05:30:00-04:00,1.33881,1.33895,1.338595,1.338705,49,0.00010500000000002174,0.00035500000000010523,0.000140000000000029,0.0001100000000000545,0.6901408450703609,0.39436619718306337,49,1.340195,1.337505,1.33985,1.337715,0.002690000000000081,0.5539033457248871,0.5148698884758096,,,,0,,0.0006329166666666497,0.0004999999999999449,1.33890125,1.3383609375,1.33870921875,1.3392963199000778,1.3374255550999223,0.014657541024769221,0.044013724810315964,0.017488742643455228,50.71655376571721,,-8.997143421060985,14.987123453894917,-5.267067552502885,29.659673018106226,-2.8345325378901656,1.340195,1.337505,1,,,,,False,False,,,,,,,,,False,,,,,False,5,5.25,False,False,GBPUSD,1.338705,0.0004999999999999449,0.0006249999999999312
2026-07-07 05:45:00-04:00,1.338705,1.33877,1.338015,1.33802,50,0.0006850000000000467,0.0007550000000000612,6.499999999998174e-05,5.000000000032756e-06,0.9933774834436657,0.08609271523175692,50,1.340195,1.337505,1.33985,1.337715,0.002690000000000081,0.8085501858735956,0.5539033457248871,,,,0,,0.0006491666666666451,0.0005012500000000086,1.33861625,1.3383334375,1.3386575,1.3392813412315967,1.3373855337684033,0.04454226519363379,0.03261986047479405,0.023793584698510242,42.96527825855501,,-44.639653936601825,2.3859440303832584,-12.310605386935869,3.6469432757679514,-5.423910225123626,1.340195,1.337505,0,,,,True,False,False,,,4.0,1.338545,,,,,False,,,,,False,3,4.0,False,False,GBPUSD,1.33802,0.0005012500000000086,0.0006265625000000108
2026-07-07 06:00:00-04:00,1.33802,1.33804,1.336945,1.33795,51,7.00000000000145e-05,0.001094999999999846,1.999999999990898e-05,0.0010049999999999226,0.08219178082185948,0.018264840182567844,51,1.340195,1.336945,1.33985,1.337715,0.003249999999999975,0.6907692307692522,0.6692307692307861,,,,0,,0.0006916666666666275,0.0006812499999999666,1.33837125,1.338348125,1.33860140625,1.339263984398325,1.337432265601675,0.03147482434339797,0.02302278415043197,0.10484006169918977,42.26123106082454,,-60.48850144290594,-2.4455210943387615,-19.767168676796096,-25.58925246713353,-8.977171970686689,1.340195,1.337505,0,True,,,True,False,False,True,,3.0,1.337505,,,,,False,,True,,,True,6,4.5,False,False,GBPUSD,1.33795,0.0006812499999999666,0.0008515624999999583
2026-07-07 06:15:00-04:00,1.33795,1.33835,1.337855,1.33825,52,0.00029999999999996696,0.0004949999999999122,9.999999999998899e-05,9.499999999995623e-05,0.20202020202021562,0.8080808080808625,52,1.340195,1.336945,1.33985,1.337715,0.003249999999999975,0.5984615384615694,0.6907692307692522,,,,0,,0.00066791666666662,0.0006749999999999812,1.33823125,1.338374375,1.33856734375,1.3392526323298868,1.337496117670113,0.0014011031351985168,0.0018212392926280734,0.03880640646604412,46.284988191265164,,-52.07353767496713,7.770492637598225,-16.726617878417617,-41.54970911888397,-11.697970654233654,1.340195,1.337505,-2,,,,,False,False,,,,,,,,,False,,,,,False,7,5.25,False,False,GBPUSD,1.33825,0.0006749999999999812,0.0008437499999999765
2026-07-07 06:30:00-04:00,1.33825,1.338475,1.338095,1.3383,53,5.0000000000105516e-05,0.00038000000000004697,0.00017500000000003624,0.00015499999999990521,0.46052631578951214,0.5921052631581946,53,1.340195,1.336945,1.33985,1.337715,0.003249999999999975,0.5830769230769214,0.5984615384615694,,,,0,,0.0006487499999999572,0.0006812499999999666,1.33813,1.338381875,1.3385375,1.3392554014377798,1.3375083485622203,0.0127042962940823,0.0069580290752239305,0.02143446540622195,46.942327953765286,,-38.80508121740711,6.418786730249077,-12.02544852210213,-49.0016935679705,-13.199063387393714,1.340195,1.337505,-2,,,,,False,False,,,,,,,,,False,,,,,False,9,6.25,False,False,GBPUSD,1.3383,0.0006812499999999666,0.0008515624999999583
2026-07-07 06:45:00-04:00,1.3383,1.33864,1.338225,1.33849,54,0.00018999999999991246,0.0004150000000000542,0.0001500000000000945,7.500000000004725e-05,0.36144578313271064,0.8192771084336447,54,1.340195,1.336945,1.33985,1.337715,0.003249999999999975,0.5246153846154095,0.5830769230769214,,,,0,,0.0006299999999999639,0.0005962499999999649,1.3382475,1.338409375,1.3385175,1.3392669360401015,1.3375518139598983,0.018120713844032837,0.01723127499761804,0.01377568055363505,49.449763289566896,,3.100491449817481,6.654425046007961,-9.433284734630645,-37.06665722136567,-12.479498634019292,1.340195,1.337505,-2,,,,,False,False,,,1.0,1.338545,,,,,False,,,,,False,7,7.25,False,False,GBPUSD,1.33849,0.0005962499999999649,0.0007453124999999561
2026-07-07 07:00:00-04:00,1.33849,1.338905,1.338245,1.33864,55,0.0001500000000000945,0.000660000000000105,0.0002649999999999597,0.00024500000000005073,0.40151515151502665,0.6287878787878609,55,1.340195,1.336945,1.33985,1.337715,0.003249999999999975,0.47846153846153383,0.5246153846154095,,,,0,,0.0006041666666666464,0.0004875000000000296,1.33842,1.3384575,1.338495625,1.3392740246475154,1.3376409753524847,0.016437291732050403,0.033434008924447284,0.01587648468480851,51.38450350062175,,44.02897806891111,14.148532945946004,-7.946194735186355,-10.93728734341141,-9.904609151089298,1.340195,1.337505,-2,,,,,False,False,,,2.0,1.338545,,,,,False,,,,,False,5,7.0,False,False,GBPUSD,1.33864,0.0004875000000000296,0.000609375000000037
2026-07-07 07:15:00-04:00,1.33864,1.33943,1.338575,1.338885,56,0.00024500000000005073,0.0008549999999998281,0.0005449999999997956,6.499999999998174e-05,0.6374269005846844,0.9239766081871406,56,1.340195,1.336945,1.33985,1.337715,0.003249999999999975,0.40307692307690224,0.47846153846153383,,,,0,,0.0006054166666666361,0.0005775000000000086,1.33857875,1.33851625,1.338481875,1.3393118197643827,1.3377206802356174,0.022878743592797544,0.06826588769466373,0.004389188401709453,54.42359042882397,,47.8341110162974,19.60844127191956,-6.772159966110471,14.03962482940472,-7.806979237480242,1.340195,1.337505,2,,True,,,False,False,,,,,,,,,False,,,,,False,4,6.25,False,False,GBPUSD,1.338885,0.0005775000000000086,0.0007218750000000107
2026-07-07 07:30:00-04:00,1.338885,1.338985,1.338645,1.33866,57,0.00022500000000014175,0.00034000000000000696,9.999999999998899e-05,1.4999999999876223e-05,0.9558823529415414,0.2941176470587851,57,1.340195,1.336945,1.33985,1.337715,0.003249999999999975,0.47230769230771563,0.40307692307690224,,,,0,,0.0005829166666666367,0.0005674999999999986,1.33866875,1.3385490625,1.33846578125,1.3393220131674912,1.3377761118325089,0.000653634440940885,0.0325679134379909,0.007167275573810486,51.28316575315104,,39.66439081247522,16.97262597226032,-5.681045525483059,33.656992836875304,-6.426014672118619,1.340195,1.337505,2,,,,,True,False,,,,,,,,,False,,,,,False,3,4.75,False,False,GBPUSD,1.33866,0.0005674999999999986,0.0007093749999999982
2026-07-07 07:45:00-04:00,1.33866,1.339035,1.33828,1.338805,58,0.00014500000000006175,0.0007550000000000612,0.00022999999999995246,0.00038000000000004697,0.3046357615893163,0.49668874172183286,58,1.340195,1.336945,1.33985,1.337715,0.003249999999999975,0.4276923076923117,0.47230769230771563,,,,0,,0.0005833333333333246,0.0006525000000000003,1.3387475,1.3386153125,1.3384596875,1.3392745873739145,1.3379560376260855,0.004295059374530569,0.03135236061331009,0.025049205463953887,53.14182908582825,,29.35775354279864,18.273653654494353,-4.229799474905246,40.22130836012059,-5.198389701823233,1.340195,1.337505,2,,,,,False,False,,,3.0,1.338545,,,,,False,,,,,False,7,4.75,False,False,GBPUSD,1.338805,0.0006525000000000003,0.0008156250000000004
2026-07-07 08:00:00-04:00,1.338805,1.33909,1.33827,1.33879,59,1.5000000000098268e-05,0.0008199999999998209,0.0002849999999998687,0.0005199999999998539,0.365853658536625,0.34756097560967186,59,1.340195,1.336945,1.33985,1.337715,0.003249999999999975,0.4323076923077266,0.4276923076923117,,,,0,,0.0006204166666666419,0.0006924999999999293,1.3387850000000001,1.33863125,1.3384492187500001,1.3392943063701526,1.3379681936298473,0.0003734729624107464,0.03427007997907955,0.02698652074646163,52.91904424069457,,21.18134950027287,15.320749578700298,-3.1599965847817537,34.509401217961035,-4.035224301625292,1.340195,1.336945,2,,,,,False,False,,,3.0,1.338545,,,,,False,,,,,False,6,5.0,False,False,GBPUSD,1.33879,0.0006924999999999293,0.0008656249999999116
2026-07-07 08:15:00-04:00,1.33879,1.33905,1.338195,1.338875,60,8.500000000011276e-05,0.0008550000000000502,0.00017500000000003624,0.0005949999999999012,0.2046783625731298,0.3040935672516184,60,1.340195,1.336945,1.33985,1.337715,0.003249999999999975,0.40615384615384553,0.4323076923077266,,,,0,,0.0006483333333333249,0.0006924999999999848,1.3387825,1.33862625,1.3384446875,1.3392806151503556,1.3379718848496442,0.006909262706978234,0.031655587211155245,0.03221586309097727,54.0825885694195,,6.654425046007961,2.0879838327078946,-2.8624052261304684,24.21447972538867,-3.0951268686644333,1.340195,1.336945,2,,,,,False,False,,,3.0,1.338545,,,,,False,,,,,False,9,6.25,False,False,GBPUSD,1.338875,0.0006924999999999848,0.000865624999999981
2026-07-07 08:30:00-04:00,1.338875,1.33926,1.3381,1.338165,61,0.0007099999999999884,0.0011599999999998278,0.0003849999999998577,6.499999999998174e-05,0.9439655172413868,0.3318965517240645,61,1.340195,1.336945,1.33985,1.337715,0.003249999999999975,0.6246153846153821,0.40615384615384553,,,,0,,0.0007154166666666351,0.00089749999999994,1.33865875,1.3385896875,1.33841390625,1.339276859865113,1.3379025151348871,0.03688393326528957,0.05007602450992478,0.03658234517812257,44.32293649927104,,-22.82298059767193,-7.887643914358924,-6.71329962534276,8.592636872851886,-3.327837160815944,1.340195,1.336945,2,,,,,False,True,,,4.0,1.338545,,,,,False,,,,,False,9,7.75,False,False,GBPUSD,1.338165,0.00089749999999994,0.001121874999999925
2026-07-07 08:45:00-04:00,1.338165,1.338555,1.338105,1.33855,62,0.0003849999999998577,0.0004499999999998394,5.000000000032756e-06,5.999999999994898e-05,0.011111111111187868,0.8666666666667324,62,1.340195,1.336945,1.33985,1.337715,0.003249999999999975,0.5061538461538865,0.6246153846153821,,,,0,,0.0006899999999999499,0.0008212499999998846,1.338595,1.3385515625,1.33840265625,1.3391724259989874,1.3379306990010125,0.003361733758162309,0.00025680743994356856,0.03336162106193489,49.58512788704949,,-32.00538320808447,-13.980057381967523,-7.975463890776094,-6.748147314868891,-4.156938879799417,1.340195,1.336945,2,,,,,False,True,,,2.0,1.338545,,,,,False,,,,,False,2,6.5,False,False,GBPUSD,1.33855,0.0008212499999998846,0.0010265624999998557
2026-07-07 09:00:00-04:00,1.33855,1.338625,1.337725,1.33807,63,0.0004799999999998139,0.0008999999999999009,7.500000000004725e-05,0.0003450000000000397,0.6166666666665803,0.08333333333339502,63,1.340195,1.336945,1.33985,1.337715,0.003249999999999975,0.6538461538461381,0.5061538461538865,,,,0,,0.0006737499999999544,0.0008412499999999046,1.338415,1.3384978125,1.33838921875,1.339127167018038,1.337868457981962,0.02577675832980187,0.009502256844365141,0.057737300187029036,44.04866605621431,,-39.09385888624078,-17.027207335060957,-4.704365105786841,-21.816949411497305,-4.4165002428450215,1.340195,1.336945,0,,,,,False,False,,,4.0,1.338545,,,,,False,,,,,False,6,6.5,False,False,GBPUSD,1.33807,0.0008412499999999046,0.0010515624999998807
2026-07-07 09:15:00-04:00,1.33807,1.33864,1.337535,1.337835,64,0.00023499999999998522,0.0011050000000001337,0.0005699999999999594,0.000300000000000189,0.7285067873301785,0.5158371040722991,64,1.340195,1.336945,1.33985,1.337715,0.003249999999999975,0.7261538461538264,0.6538461538461381,,,,0,,0.0007245833333333063,0.0009037499999999254,1.338155,1.338436875,1.33837890625,1.339120028304537,1.337753721695463,0.02391352272344205,0.015176285396356978,0.06738270715980177,41.621740482896506,,-55.713123022790796,-20.921438700389043,-4.526475279096706,-37.40883642869699,-4.564895115393118,1.340195,1.336945,-1,,,,,False,False,,,1.0,1.338545,,,,,False,,,,,False,6,5.75,False,False,GBPUSD,1.337835,0.0009037499999999254,0.0011296874999999068
2026-07-07 09:30:00-04:00,1.337835,1.33869,1.33778,1.338275,65,0.00043999999999999595,0.0009099999999999664,0.00041499999999983217,5.500000000013827e-05,0.45604395604378845,0.9395604395602853,65,1.340195,1.336945,1.33985,1.337715,0.003249999999999975,0.5907692307692112,0.7261538461538264,,,,0,,0.0007687499999999662,0.0008412499999999601,1.3381825,1.33841,1.33838546875,1.3390825975765643,1.3377374024234359,0.00691236060851572,0.020920345783417334,0.04707077801272633,47.408708364083076,,-37.7756843059377,-16.315193242948645,-0.7161599454432992,-41.14701235576344,-3.924733399823148,1.340195,1.336945,-1,,,,,False,True,,,1.0,1.338545,,,,,False,,,,,False,9,5.75,False,False,GBPUSD,1.338275,0.0008412499999999601,0.00105156249999995
2026-07-07 09:45:00-04:00,1.338275,1.338375,1.336945,1.33706,66,0.0012150000000001882,0.0014300000000000423,9.999999999998899e-05,0.00011499999999986521,0.9195804195805162,0.06993006993006015,66,1.340195,1.336945,1.33985,1.33706,0.003249999999999975,0.9646153846154258,0.5907692307692112,,,,0,,0.0008533333333332985,0.0010862500000000108,1.3378100000000002,1.33835,1.33834171875,1.3392749797295076,1.3374250202704923,0.056061772598519244,0.0018679717562792826,0.10498001270219887,36.69463098146457,,-48.99091309841479,-16.15013530811902,-7.066243932529569,-45.39339482834602,-3.8312255753306745,1.340195,1.336945,-1,,,,,False,False,,,3.0,1.336945,,,,,False,,,,,False,5,6.5,False,False,GBPUSD,1.33706,0.0010862500000000108,0.0013578125000000135
2026-07-07 10:00:00-04:00,1.33706,1.33746,1.33609,1.336575,67,0.00048499999999984666,0.0013700000000000934,0.000400000000000178,0.0004850000000000687,0.645985401459828,0.29197080291981803,67,1.340195,1.33609,1.33985,1.336575,0.004105000000000025,0.8818514007308,0.7637028014616543,,,,0,,0.0009124999999999642,0.001203750000000059,1.33743625,1.3382640625,1.33830609375,1.3395185355903352,1.3370095894096647,0.06439559268713073,0.06008249960010184,0.16245392526932348,33.47361109710262,,-68.09937714179034,-25.940991119371922,-14.819918007451124,-52.64477439223341,-4.527346842586665,1.340195,1.336945,-2,,,,,False,False,,,4.0,1.336945,,,,,False,,,,,False,3,5.75,False,False,GBPUSD,1.336575,0.001203750000000059,0.0015046875000000737
2026-07-07 10:15:00-04:00,1.336575,1.337195,1.33643,1.33716,68,0.0005849999999998357,0.0007649999999999046,3.500000000000725e-05,0.00014500000000006175,0.045751633986943284,0.8104575163397649,68,1.340195,1.33609,1.33985,1.336575,0.004105000000000025,0.7393422655298666,0.8818514007308,,,,0,,0.0009049999999999706,0.0011187500000000017,1.3372675,1.3381959375,1.33828515625,1.339559692512594,1.336832182487406,0.008038780573082733,0.07479752941636675,0.13196404581074975,40.22444397629302,,-61.05760840828753,-27.18238753029082,-10.677300510563697,-53.980895738607586,-5.0908637931862355,1.340195,1.336945,-2,,,,,False,False,,,2.0,1.336945,,,,,False,True,,,,True,5,5.5,False,False,GBPUSD,1.33716,0.0011187500000000017,0.0013984375000000021
2026-07-07 10:30:00-04:00,1.33716,1.337805,1.33704,1.33777,69,0.0006099999999999994,0.0007649999999999046,3.500000000000725e-05,0.00011999999999989797,0.045751633986943284,0.8431372549020746,69,1.340195,1.33609,1.33985,1.336575,0.004105000000000025,0.5907429963459455,0.7393422655298666,,,,0,,0.0009404166666666288,0.0010824999999999863,1.33714125,1.3381628125,1.33827234375,1.3395405233221158,1.3367851016778842,0.047021958226175116,0.02673908560735092,0.08390701710671059,46.28687134845186,,-44.51853419417682,-18.649538754041405,-6.418786730249077,-55.66660821066737,-6.157416180021319,1.340195,1.336945,-2,,,,,False,False,,,2.0,1.337505,,,,,False,,,,,False,1,3.5,False,False,GBPUSD,1.33777,0.0010824999999999863,0.0013531249999999828
2026-07-07 10:45:00-04:00,1.33777,1.338585,1.337245,1.33792,70,0.0001500000000000945,0.0013399999999998968,0.0006649999999999157,0.0005249999999998867,0.4962686567163932,0.608208955223935,70,1.340195,1.33609,1.33985,1.336575,0.004105000000000025,0.554202192448237,0.5907429963459455,,,,0,,0.000989166666666615,0.0010599999999999499,1.33735625,1.3381271875,1.33826828125,1.339498678334594,1.3367556966654062,0.042154063287173776,0.03421292865704342,0.06592702907772136,47.67871818620899,,16.479973281840927,-12.907408671277055,-3.219494896858024,-39.29888661560344,-5.21081280271758,1.340195,1.336945,-2,,,,,False,True,,,3.0,1.337505,,,,,False,,,,,False,7,4.0,False,False,GBPUSD,1.33792,0.0010599999999999499,0.0013249999999999373
2026-07-07 11:00:00-04:00,1.33792,1.338075,1.33735,1.337465,71,0.0004550000000000942,0.0007249999999998646,0.00015499999999990521,0.00011499999999986521,0.8413793103449839,0.21379310344818503,71,1.340195,1.33609,1.33985,1.336575,0.004105000000000025,0.665042630937906,0.554202192448237,,,,0,,0.000981249999999952,0.0008987499999998927,1.33757875,1.33805375,1.338255625,1.3394333491265582,1.3366741508734419,0.008504172184264632,0.0015881275322356563,0.052595047097323475,43.99048313881977,,55.56101069120192,-19.978314302142376,-3.1897466016336016,-8.383789657355376,-3.0996281152434744,1.340195,1.336945,-2,,,,,False,True,,,4.0,1.337505,,,,,False,,,,,False,4,4.25,False,False,GBPUSD,1.337465,0.0008987499999998927,0.0011234374999998659
2026-07-07 11:15:00-04:00,1.337465,1.33778,1.337035,1.337765,72,0.000300000000000189,0.0007449999999999957,1.4999999999876223e-05,0.00042999999999993044,0.02013422818775344,0.42281879194639876,72,1.340195,1.33609,1.33985,1.336575,0.004105000000000025,0.591961023142489,0.665042630937906,,,,0,,0.0009720833333332809,0.0008937499999999154,1.33773,1.33798375,1.33825,1.3392997263485718,1.3366677736514283,0.002616372511643399,0.015228137113029814,0.0709089329373435,46.8804129253378,,51.246838216282015,-25.55362924577431,-3.487149460923589,19.69232199878701,-1.8944264051033894,1.340195,1.336945,-2,,,,,False,False,,,2.0,1.337505,,,,,False,,,,,False,6,4.5,False,False,GBPUSD,1.337765,0.0008937499999999154,0.0011171874999998943
2026-07-07 11:30:00-04:00,1.337765,1.33784,1.337345,1.337355,73,0.00041000000000002146,0.0004949999999999122,7.49999999998252e-05,1.0000000000065512e-05,0.9797979797978439,0.15151515151482528,73,1.340195,1.33609,1.33985,1.336575,0.004105000000000025,0.6918392204628346,0.591961023142489,,,,0,,0.0009166666666666212,0.0008262499999999173,1.33762625,1.3379021875000001,1.338225625,1.3392020671518814,1.3366023078481188,0.020278459696790874,0.004648135011753184,0.04164635540668861,43.60087965035645,,8.997143421060985,-26.803285893577733,-5.710593137494819,33.07124140259646,-1.717592877689212,1.340195,1.336945,-2,,,,,False,False,,,4.0,1.337505,,,,,False,,,,,False,4,5.25,False,False,GBPUSD,1.337355,0.0008262499999999173,0.0010328124999998967
2026-07-07 11:45:00-04:00,1.337355,1.337585,1.336975,1.337065,74,0.0002900000000001235,0.0006099999999999994,0.00022999999999995246,8.999999999992347e-05,0.8524590163935679,0.3770491803277913,74,1.340195,1.33609,1.33985,1.336575,0.004105000000000025,0.7624847746650567,0.6918392204628346,,,,0,,0.0009299999999999679,0.000643749999999943,1.3374125000000001,1.3377934375,1.3382043750000001,1.3390638051571666,1.3365230698428334,0.025983008234196036,0.015580693861789974,0.06117816675266737,41.415024397026656,,-46.62333252508782,-32.39002042518239,-8.647469348130523,17.295414950864277,-2.666440621963358,1.340195,1.336945,-2,,,,True,False,False,,,1.0,1.337505,,,,,False,,,,,False,4,4.5,False,False,GBPUSD,1.337065,0.000643749999999943,0.0008046874999999287
2026-07-07 12:00:00-04:00,1.337065,1.33753,1.337055,1.33712,75,5.500000000013827e-05,0.0004750000000000032,0.00041000000000002146,9.999999999843467e-06,0.8631578947368814,0.9789473684213823,75,1.340195,1.33609,1.33985,1.336575,0.004105000000000025,0.7490864799025384,0.7624847746650567,,,,0,,0.0008945833333333097,0.0005812499999999776,1.33732625,1.3376890625,1.33816015625,1.3388871245745082,1.3364910004254917,0.015422564239650825,0.011890842532762538,0.047399841844775914,42.003222241863035,,-44.999999999996845,-35.39062083284327,-12.310605386935869,-7.844837721935416,-4.594542004275141,1.340195,1.33609,-2,,True,,,False,True,,,1.0,1.337505,,,,,False,,,,,False,6,5.0,False,False,GBPUSD,1.33712,0.0005812499999999776,0.000726562499999972
2026-07-07 12:15:00-04:00,1.33712,1.337175,1.336675,1.336695,76,0.0004250000000001197,0.0004999999999999449,5.499999999991623e-05,1.999999999990898e-05,0.9600000000001776,0.10999999999984457,76,1.340195,1.33609,1.33985,1.336575,0.004105000000000025,0.8526187576126765,0.7490864799025384,,,,0,,0.0008441666666666273,0.0005199999999999649,1.33705875,1.3375528125,1.33808953125,1.338673760585049,1.336431864414951,0.027205236867863587,0.028246548208728673,0.06562824972565064,38.792928954172176,,-49.70017115860778,-38.73251859515004,-20.947470586957433,-33.08159006565786,-7.847094545505288,1.340195,1.33609,-2,,,,True,False,False,,,4.0,1.336945,,,,,False,,,,,False,4,4.5,False,False,GBPUSD,1.336695,0.0005199999999999649,0.0006499999999999562
2026-07-07 12:30:00-04:00,1.336695,1.33686,1.33651,1.336775,77,8.000000000008001e-05,0.00034999999999985043,8.499999999989072e-05,0.0001849999999998797,0.2428571428569344,0.47142857142868927,77,1.340195,1.33609,1.33985,1.336575,0.004105000000000025,0.8331303288672247,0.8526187576126765,,,,0,,0.000797499999999951,0.0004837499999999495,1.33691375,1.3374659375,1.3380278125,1.3385990263025107,1.3363328486974893,0.010378380804285563,0.04530489211057326,0.07147378286034986,39.7180093306801,,-53.97262661490623,-36.640026142946944,-23.804474113335115,-48.82403257464967,-11.207350322327638,1.340195,1.33609,-2,,,,,False,False,,,,,,,,,False,,,,,False,4,4.5,False,False,GBPUSD,1.336775,0.0004837499999999495,0.0006046874999999369
2026-07-07 12:45:00-04:00,1.336775,1.33716,1.336755,1.33712,78,0.0003450000000000397,0.0004049999999999887,3.999999999981796e-05,2.0000000000131024e-05,0.0987654320983187,0.9506172839502924,78,1.340195,1.33609,1.33985,1.336575,0.004105000000000025,0.7490864799025384,0.8331303288672247,,,,0,,0.0007120833333332799,0.0004324999999999468,1.3369275,1.3373765625,1.3379640625,1.3383705740614897,1.3363825509385103,0.014398686540596992,0.016193083240168424,0.04647625189708802,43.63662518775977,,-23.629377730643377,-30.43423575344184,-22.696103973931262,-43.07554387603856,-13.80237040868372,1.340195,1.33609,-2,,,,,False,False,,,2.0,1.336945,,,,,False,,,,,False,1,3.75,False,False,GBPUSD,1.33712,0.0004324999999999468,0.0005406249999999335
2026-07-07 13:00:00-04:00,1.33712,1.33738,1.336945,1.33703,79,9.000000000014552e-05,0.0004349999999999632,0.00025999999999992696,8.499999999989072e-05,0.80459770114966,0.59770114942517,79,1.340195,1.33609,1.33985,1.336575,0.004105000000000025,0.7710109622411851,0.7490864799025384,,,,0,,0.0006341666666666024,0.0004224999999999368,1.336905,1.3373115625,1.3379046875,1.338250163312047,1.3363729616879532,0.00934995381122299,0.005117543429597217,0.02741040384895353,42.86133736628773,,-1.6706532713791278,-27.229595455078748,-22.314063839539475,-32.24320719388413,-15.618837121186193,1.340195,1.33609,-2,,True,,,False,False,,,3.0,1.336945,,,,,False,,,,,False,3,3.0,False,False,GBPUSD,1.33703,0.0004224999999999368,0.000528124999999921
2026-07-07 13:15:00-04:00,1.33703,1.337245,1.336835,1.337135,80,0.00010500000000002174,0.00041000000000002146,0.0001100000000000545,0.00019499999999994522,0.26829268292694813,0.5243902439025976,80,1.340195,1.33609,1.33985,1.336575,0.004105000000000025,0.7454323995127999,0.7710109622411851,,,,0,,0.0006045833333332787,0.00039999999999995595,1.337015,1.3372678125,1.33785234375,1.3381692625038133,1.3363663624961866,0.008975217181549791,0.0017059036183085822,0.032365431662547774,44.09734110538522,,16.26020470831515,-19.92558065820151,-20.425121072665824,-15.753113227153397,-15.478464753177427,1.340195,1.33609,-2,,,,,False,False,,,3.0,1.336945,,,,,False,,,,,False,9,4.25,False,False,GBPUSD,1.337135,0.00039999999999995595,0.0004999999999999449
2026-07-07 13:30:00-04:00,1.337135,1.337335,1.33713,1.33733,81,0.00019499999999994522,0.00020500000000001073,5.000000000032756e-06,5.000000000032756e-06,0.024390243902597534,0.9756097560974024,81,1.340195,1.33609,1.33985,1.336575,0.004105000000000025,0.6979293544458222,0.7454323995127999,,,,0,,0.000557916666666621,0.000363749999999996,1.33715375,1.33720875,1.337809375,1.3379476808154354,1.3364698191845648,0.013180982366462266,0.009441308247488166,0.005889132867260054,46.39440902952084,,39.66439081245009,-18.917014744806067,-17.62548617393608,7.656141129685683,-13.957791808380206,1.340195,1.33609,-2,,,,,False,False,,,,,,,,,False,,,,,False,1,3.5,False,False,GBPUSD,1.33733,0.000363749999999996,0.000454687499999995
2026-07-07 13:45:00-04:00,1.33733,1.337585,1.337155,1.337435,82,0.00010500000000002174,0.00042999999999993044,0.0001500000000000945,0.0001749999999998142,0.34883720930260176,0.5930232558143198,82,1.340195,1.33609,1.33985,1.336575,0.004105000000000025,0.672350791717437,0.6979293544458222,,,,0,,0.0004820833333332904,0.00036999999999998145,1.3372324999999998,1.3372321875,1.33779109375,1.337974539915888,1.336489835084112,0.015143215559007531,0.026383787594858283,0.005772183822777854,47.63036870134241,,35.942111871352246,-6.772159966110471,-11.539297860147872,22.549013530184588,-11.439611626881641,1.340195,1.33609,0,,,,,False,False,,,1.0,1.337505,,,,,False,,,,,False,7,5.0,False,False,GBPUSD,1.337435,0.00036999999999998145,0.0004624999999999768
2026-07-07 14:00:00-04:00,1.337435,1.33748,1.337135,1.33732,83,0.00011499999999986521,0.0003450000000000397,4.500000000007276e-05,0.00018500000000010175,0.4637681159417958,0.13043478260889152,83,1.340195,1.33609,1.33985,1.336575,0.004105000000000025,0.700365408038963,0.672350791717437,,,,0,,0.0004504166666666383,0.0003475000000000006,1.337305,1.33727875,1.33777140625,1.3379393321296402,1.33661816787036,0.001121658858682071,0.015049218422107631,0.01074944173008874,46.38105332735581,,26.755718624717414,13.134022306398949,-7.213146684351534,29.655606504208723,-8.713229749768411,1.340195,1.33609,0,,,,,False,False,,,,,,,,,False,,,,,False,10,6.75,False,False,GBPUSD,1.33732,0.0003475000000000006,0.00043437500000000073
2026-07-07 14:15:00-04:00,1.33732,1.33764,1.337175,1.337355,84,3.500000000000725e-05,0.0004649999999999377,0.0002849999999998687,0.00014500000000006175,0.6129032258062513,0.6881720430105781,84,1.340195,1.33609,1.33985,1.336575,0.004105000000000025,0.6918392204628346,0.700365408038963,,,,0,,0.0004270833333333002,0.00036124999999997964,1.3373599999999999,1.3372909375,1.3377434375,1.3379494986090665,1.3366323763909334,0.00037387090983809234,0.026102210836226276,0.008669579427247165,46.83376632591656,,23.02549200853744,11.0801992243544,-9.026252813521388,31.346928329264298,-6.366385072158893,1.340195,1.33609,0,,,,,False,False,,,1.0,1.337505,,,,,False,,,,,False,7,6.25,False,False,GBPUSD,1.337355,0.00036124999999997964,0.00045156249999997455
2026-07-07 14:30:00-04:00,1.337355,1.337465,1.33709,1.337275,85,8.000000000008001e-05,0.0003750000000000142,0.00010999999999983245,0.00018500000000010175,0.506666666666414,0.2933333333328754,85,1.340195,1.33609,1.33985,1.336575,0.004105000000000025,0.7113276492082864,0.6918392204628346,,,,0,,0.00041708333333330866,0.0004037499999999805,1.33734625,1.3372600000000001,1.33771140625,1.3378703789806343,1.336649621019366,0.00532771524203004,0.015329853581187554,0.012712561506380622,45.889128861372924,,7.829076510058236,-3.5763343749890377,-11.309932474010845,23.388099753666335,-4.909067643175601,1.340195,1.33609,0,,,,,False,False,,,,,,,,,False,,,,,False,12,9.0,False,False,GBPUSD,1.337275,0.0004037499999999805,0.0005046874999999756
2026-07-07 14:45:00-04:00,1.337275,1.33734,1.33603,1.33635,86,0.0009250000000000647,0.0013099999999999223,6.499999999998174e-05,0.00031999999999987594,0.7557251908397749,0.049618320610676024,86,1.340195,1.33603,1.33985,1.33635,0.004164999999999974,0.9231692677071122,0.7010804321728815,,,,0,,0.00047541666666663557,0.0006237499999999785,1.337075,1.337161875,1.33764453125,1.337819273994143,1.336504476005857,0.05422283716321723,0.013321124639447107,0.08464756744578919,36.7476556905081,,-43.531199285601,-23.277777996146853,-18.246741871205234,3.519771964428023,-6.366307978657429,1.340195,1.33609,-2,,,,True,False,False,True,,3.0,1.33609,,,,,False,,,,,False,1,7.5,False,False,GBPUSD,1.33635,0.0006237499999999785,0.0007796874999999731
2026-07-07 15:00:00-04:00,1.33635,1.336465,1.33523,1.335235,87,0.0011149999999999771,0.0012350000000000971,0.00011500000000008725,5.000000000032756e-06,0.9959514170040223,0.09311740890694592,87,1.340195,1.33523,1.33985,1.335235,0.004965000000000108,0.9989929506545755,0.7744209466263876,,,,0,,0.0005387499999999767,0.0008462499999999928,1.33655375,1.3370225,1.337538125,1.3381448691460478,1.3359001308539522,0.09866793610058969,0.04169712925549036,0.13406655460174272,29.25455277970373,,-69.2658952653825,-38.36748538487476,-30.010909240885383,-20.485631508096954,-9.906772770354104,1.340195,1.33609,-2,,,,,False,False,,,4.0,1.33609,,,,,False,,,,,False,0,5.0,False,False,GBPUSD,1.335235,0.0008462499999999928,0.001057812499999991
2026-07-07 15:15:00-04:00,1.335235,1.335685,1.33488,1.335555,88,0.000320000000000098,0.0008049999999999446,0.00012999999999996348,0.0003549999999998832,0.16149068322977939,0.559006211180239,88,1.340195,1.33488,1.33985,1.335235,0.005314999999999959,0.8730009407337749,0.9332079021637091,,,,0,,0.0005641666666666434,0.0009312499999999946,1.33610375,1.336884375,1.3374340625,1.3381429300991117,1.3356258199008881,0.04107091234493397,0.08971419087756871,0.14992882237851243,33.411145180537744,True,-72.83511127284314,-42.76882539198446,-35.05205976529644,-44.4507823284421,-13.677685966889745,1.340195,1.33609,-2,,,,,False,False,,,,,,,,,False,,,,,False,4,4.25,False,False,GBPUSD,1.335555,0.0009312499999999946,0.0011640624999999932
2026-07-07 15:30:00-04:00,1.335555,1.33615,1.33555,1.33596,89,0.0004049999999999887,0.0005999999999999339,0.00018999999999991246,5.000000000032756e-06,0.31666666666655563,0.9916666666666112,89,1.340195,1.33488,1.33985,1.335235,0.005314999999999959,0.7968015051740398,0.8730009407337749,,,,0,,0.0005849999999999836,0.0009874999999999745,1.335775,1.3367971875,1.3373496875,1.3381055450999608,1.3354888299000391,0.013849637850693548,0.04841329006761057,0.09329668790913496,38.30470348689984,,-68.93168148238057,-36.908075737489376,-32.13395697154694,-63.6409718265518,-17.07131322610399,1.340195,1.33609,-2,,,,,False,False,,,1.0,1.33609,,,,,False,,,,,False,1,1.5,False,False,GBPUSD,1.33596,0.0009874999999999745,0.0012343749999999681
2026-07-07 15:45:00-04:00,1.33596,1.336295,1.335895,1.336145,90,0.0001849999999998797,0.00039999999999995595,0.0001500000000000945,6.499999999998174e-05,0.37500000000027756,0.8375000000000278,90,1.340195,1.33488,1.33985,1.335235,0.005314999999999959,0.7619943555973924,0.7968015051740398,,,,0,,0.0005845833333333142,0.0007599999999999829,1.33572375,1.3367396875,1.3372665625,1.3380764675340275,1.3354029074659723,0.0315372096962278,0.03326657419976763,0.0631901265368756,40.43746276284825,,-51.7098368077441,-25.747625943252245,-29.176079067992813,-65.68563120708757,-19.60467542455845,1.340195,1.33609,-2,,,,,False,False,,,2.0,1.33609,,,,,False,,,,,False,5,2.5,False,False,GBPUSD,1.336145,0.0007599999999999829,0.0009499999999999786
2026-07-07 16:00:00-04:00,1.336145,1.33625,1.335925,1.335945,91,0.00019999999999997797,0.0003249999999999087,0.00010500000000002174,1.999999999990898e-05,0.9384615384618012,0.32307692307708075,91,1.340195,1.33488,1.33985,1.335235,0.005314999999999959,0.7996237064910856,0.7619943555973924,,,,0,,0.000575416666666643,0.0005324999999999358,1.33590125,1.33666625,1.33717765625,1.3380399789579827,1.3352925210420172,0.00327494266510328,0.03114090746287691,0.055455129505956754,38.8872750631876,,22.82298059767193,-23.57926390360147,-29.831576256939652,-42.66341224132397,-19.55337445276473,1.340195,1.33609,-2,,,,,False,True,,,4.0,1.33609,,,,,False,,,,,False,5,3.75,False,False,GBPUSD,1.335945,0.0005324999999999358,0.0006656249999999198
2026-07-07 16:15:00-04:00,1.335945,1.336015,1.33567,1.335935,92,9.999999999843467e-06,0.0003450000000000397,7.00000000000145e-05,0.00026500000000018176,0.2318840579705761,0.20289855072465635,92,1.340195,1.33488,1.33985,1.335235,0.005314999999999959,0.8015051740357411,0.7996237064910856,,,,0,,0.000569999999999978,0.00041749999999995957,1.33599625,1.33661875,1.33708578125,1.338037052242119,1.335200447757881,0.004584593706748927,0.04516994842396263,0.07098134752337222,38.80793005755736,,42.2499148250769,-21.95559581897618,-31.073342083366967,-13.89215571684396,-18.441015397168826,1.340195,1.33609,-2,,,,,False,False,,,,,,,,,False,,,,,False,4,3.75,False,False,GBPUSD,1.335935,0.00041749999999995957,0.0005218749999999495
2026-07-07 16:30:00-04:00,1.335935,1.33594,1.33555,1.33572,93,0.00021500000000007624,0.00038999999999989043,4.999999999810711e-06,0.00017000000000000348,0.5641025641024328,0.012820512820031067,93,1.340195,1.33488,1.33985,1.335235,0.005314999999999959,0.8419567262464801,0.8015051740357411,,,,0,,0.0005854166666666346,0.0003649999999999487,1.33593625,1.3365528125,1.337009375,1.3380326856734086,1.3350729393265912,0.016187149648797156,0.04585022711177034,0.07502976991415328,37.07317162027765,,6.654425046007961,-20.712858456542953,-29.28970127931286,5.0043709152531735,-17.519846470803827,1.340195,1.33609,-2,,,,,False,False,,,,,,,,,False,,,,,False,1,3.75,False,False,GBPUSD,1.33572,0.0003649999999999487,0.0004562499999999359
2026-07-07 16:45:00-04:00,1.33572,1.33599,1.33562,1.335955,94,0.00023499999999998522,0.00036999999999998145,3.500000000000725e-05,9.999999999998899e-05,0.09459459459461893,0.7297297297297459,94,1.340195,1.33488,1.33985,1.335235,0.005314999999999959,0.7977422389463884,0.8419567262464801,,,,0,,0.0005804166666666388,0.0003574999999999551,1.33588875,1.33648,1.33692828125,1.337955715927948,1.3350042840720517,0.004959245296431639,0.036663474200876886,0.06434813839338119,40.1902562741911,,-19.71429451528572,-24.820541335501083,-27.69947280805988,13.003256488367768,-17.135749949153865,1.340195,1.33609,-2,,,,,False,False,,,,,,,,,False,,,,,False,6,4.0,False,False,GBPUSD,1.335955,0.0003574999999999551,0.00044687499999994384
2026-07-07 17:15:00-04:00,1.335415,1.33603,1.33512,1.335935,95,0.000520000000000076,0.0009099999999999664,9.499999999995623e-05,0.0002949999999999342,0.10439560439556016,0.6758241758242362,0,1.33603,1.33512,1.335935,1.335935,0.0009099999999999664,0.10439560439556016,0.6758241758242362,1.340195,1.33488,0.005314999999999959,1,,0.0006274999999999661,0.0005037499999999695,1.3358862500000002,1.3364115625,1.3368615625,1.3378804511902604,1.3349426738097394,0.0036492628021233685,0.02855127198137189,0.09664406805817674,40.01033777130206,,-9.462322208003965,-25.2126195882379,-26.22985194528431,4.9319307869487945,-16.209764427958966,,,-2,,,,,False,False,,,,,,,,,False,,,,,False,4,3.75,False,False,GBPUSD,1.335935,0.0005037499999999695,0.0006296874999999619
2026-07-07 17:30:00-04:00,1.335935,1.33605,1.33551,1.33603,96,9.499999999995623e-05,0.0005399999999999849,1.999999999990898e-05,0.0004250000000001197,0.037037037036869516,0.2129629629627193,1,1.33605,1.33512,1.33603,1.335935,0.0009299999999998754,0.021505376343991033,0.12365591397836626,1.340195,1.33488,0.005314999999999959,1,,0.00063374999999997,0.0005524999999999558,1.3359100000000002,1.3363425,1.33680515625,1.3377722246238348,1.3349127753761652,0.00898264104617062,0.021888101291400137,0.06229690367551834,41.3408328692161,,4.051683837844352,-24.62356478614808,-22.314063839539475,-4.617626959859343,-14.342114213564118,,,-2,True,,,,False,False,,,,,,,,,False,,,,,False,6,4.25,False,False,GBPUSD,1.33603,0.0005524999999999558,0.0006906249999999448
2026-07-07 17:45:00-04:00,1.33603,1.33604,1.33507,1.335625,97,0.0004049999999999887,0.0009699999999999154,9.999999999843467e-06,0.0005550000000000832,0.42783505154625606,0.01030927835035499,2,1.33605,1.33507,1.33603,1.335625,0.0009799999999999809,0.43367346938765916,0.020408163265213643,1.340195,1.33488,0.005314999999999959,1,,0.000683333333333295,0.000697499999999962,1.3358862500000002,1.3362359375,1.33672234375,1.337608381573314,1.3348634934266859,0.019556305785773425,0.014663390985173287,0.08725536166773962,37.55338951982946,,0.0,-30.345417207715695,-24.894246650459383,-6.281233221361333,-13.161624079003564,,,-2,,,,,False,False,,,,,,,,,False,,,,,False,8,6.0,False,False,GBPUSD,1.335625,0.000697499999999962,0.0008718749999999525
2026-07-07 18:00:00-04:00,1.335625,1.335635,1.335,1.335155,98,0.00046999999999997044,0.0006349999999999412,9.999999999843467e-06,0.00015500000000012726,0.7559055118108006,0.015748031495817945,3,1.33605,1.335,1.33603,1.335155,0.0010499999999999954,0.8523809523808306,0.4047619047618091,1.340195,1.33488,0.005314999999999959,1,,0.0006270833333332967,0.000763749999999952,1.3356862500000002,1.3360934375,1.3366628125,1.3374106491323412,1.3347762258676588,0.03977356209215256,0.034311784425636406,0.08183840061709878,33.7283685783476,,-36.71680307494735,-39.69974011654998,-25.38336516671188,-10.53186036127674,-12.778058140770208,,,-2,,,,,False,False,,,,,,,,,False,,,,,False,3,5.25,False,False,GBPUSD,1.335155,0.000763749999999952,0.00095468749999994
2026-07-07 18:15:00-04:00,1.335155,1.33529,1.335075,1.33509,99,6.499999999998174e-05,0.00021500000000007624,0.00013499999999999623,1.5000000000098268e-05,0.9302325581391025,0.6279069767439459,4,1.33605,1.335,1.33603,1.33509,0.0010499999999999954,0.9142857142855754,0.8523809523808306,1.340195,1.33488,0.005314999999999959,1,,0.000542083333333295,0.0005899999999999794,1.3354750000000002,1.3359540625,1.33661640625,1.3371921871845027,1.3347159378154971,0.028828693910412373,0.04970698608881548,0.0658003538201686,33.22908500220973,,-53.88987414741218,-43.21585336136998,-19.449399944043012,-21.638748346128793,-12.33401117219589,,,-2,,True,,,False,False,,,,,,,,,False,,,,,False,5,5.5,False,False,GBPUSD,1.33509,0.0005899999999999794,0.0007374999999999743
2026-07-07 18:30:00-04:00,1.33509,1.33512,1.33491,1.335045,100,4.500000000007276e-05,0.00021000000000004349,2.999999999997449e-05,0.00013499999999999623,0.3571428571430082,0.1428571428569918,5,1.33605,1.33491,1.33603,1.335045,0.0011399999999999189,0.8815789473684159,0.842105263157823,1.340195,1.33488,0.005314999999999959,1,,0.0004924999999999698,0.0005074999999999941,1.3352287500000002,1.3358096875,1.3365503125,1.336889279255885,1.334730095744115,0.013761686901974591,0.05163067063024127,0.0673514729245459,32.86976906645204,,-56.74563342528793,-43.40545433328755,-20.556045219576742,-36.83807766191187,-12.199261953977153,,,-2,True,,,True,False,False,,,,,,,,,False,,,,,False,4,5.0,False,False,GBPUSD,1.335045,0.0005074999999999941,0.0006343749999999926
2026-07-07 18:45:00-04:00,1.335045,1.33528,1.33503,1.33527,101,0.0002249999999999197,0.0002500000000000835,1.0000000000065512e-05,1.5000000000098268e-05,0.04000000000024869,0.9399999999996269,6,1.33605,1.33491,1.33603,1.335045,0.0011399999999999189,0.6842105263158408,0.8815789473684159,1.340195,1.33488,0.005314999999999959,1,,0.0004633333333333156,0.0003275000000000361,1.33514,1.335684375,1.3364721875,1.3364835845704508,1.3348851654295493,0.009736806627017652,0.03027474211488117,0.04899173878560164,36.53013415325491,,-48.154842864808664,-41.95422132105965,-25.67495111594074,-48.87678837811403,-12.312896599934398,,,-2,,,,,False,False,,,,,,,,,False,,,,,False,6,4.5,False,False,GBPUSD,1.33527,0.0003275000000000361,0.0004093750000000451
2026-07-07 19:00:00-04:00,1.33527,1.33547,1.335045,1.335055,102,0.0002149999999998542,0.0004249999999998977,0.00019999999999997797,1.0000000000065512e-05,0.9764705882351343,0.4705882352941791,7,1.33605,1.33491,1.33603,1.335045,0.0011399999999999189,0.8728070175437964,0.6842105263158408,1.340195,1.33488,0.005314999999999959,1,,0.0004654166666666441,0.0002750000000000252,1.335115,1.3356034375,1.33638265625,1.336378548127185,1.3348283268728152,0.004493994899311968,0.009990802378431763,0.04181162494200783,34.60680995149234,,-20.765057624008794,-34.50852298766365,-29.19882368550649,-44.88885201537939,-13.476803815742201,,,-2,,,,,False,False,,,,,,,,,False,,,,,False,3,4.5,False,False,GBPUSD,1.335055,0.0002750000000000252,0.00034375000000003153
2026-07-07 19:15:00-04:00,1.335055,1.335355,1.335025,1.33525,103,0.00019499999999994522,0.0003300000000001635,0.00010500000000002174,3.0000000000196536e-05,0.3181818181817264,0.9090909090903586,8,1.33605,1.33491,1.33603,1.335045,0.0011399999999999189,0.7017543859648849,0.8728070175437964,1.340195,1.33488,0.005314999999999959,1,,0.000465833333333332,0.00030375000000004704,1.335155,1.335604375,1.3363134375,1.3363777351602746,1.3348310148397253,0.007115278750403978,0.018671322486487448,0.0433792379573516,37.77624822260321,,2.8624052261304684,-14.93141717815182,-27.88630113264695,-30.70078217199373,-15.123635236525685,,,-2,,,,,False,False,,,,,,,,,False,,,,,False,7,5.0,False,False,GBPUSD,1.33525,0.00030375000000004704,0.0003796875000000588
2026-07-07 19:30:00-04:00,1.33525,1.335355,1.335155,1.335175,104,7.500000000004725e-05,0.00019999999999997797,0.00010500000000002174,1.999999999990898e-05,0.9000000000004441,0.5250000000001666,9,1.33605,1.33491,1.33603,1.335045,0.0011399999999999189,0.7675438596491416,0.7017543859648849,1.340195,1.33488,0.005314999999999959,1,,0.0004537499999999935,0.00030125000000003066,1.3351875,1.335580625,1.3362325,1.336381443916797,1.334779806083203,0.0009361980995156761,0.01689340169934676,0.03186816220846825,37.03974751721458,,13.585991207874445,-4.348497961304602,-26.58891944462707,-13.117876013703135,-16.30053670553842,1.33605,,-2,,,,,False,False,,,,,,,,,False,,,,,False,6,5.5,False,False,GBPUSD,1.335175,0.00030125000000003066,0.0003765625000000383
2026-07-07 19:45:00-04:00,1.335175,1.33518,1.334495,1.33464,105,0.0005349999999999522,0.0006850000000000467,5.000000000032756e-06,0.00014500000000006175,0.788321167883136,0.007299270073040022,10,1.33605,1.334495,1.33603,1.33464,0.001554999999999973,0.9067524115755213,0.5627009646302086,1.340195,1.33488,0.005314999999999959,1,,0.0004783333333333399,0.00041000000000002146,1.3350300000000002,1.335498125,1.33614765625,1.33639215991962,1.33460409008038,0.0292128266780606,0.023820699860581752,0.07511242293956748,32.254869457490074,,-22.619864948029154,-19.502448506657878,-28.92522266058035,-6.734131534508259,-17.288568217072488,1.33605,,-2,,,,True,False,False,,,,,,,,,False,,,,,False,1,4.25,False,False,GBPUSD,1.33464,0.00041000000000002146,0.0005125000000000268
2026-07-07 20:00:00-04:00,1.33464,1.33496,1.33431,1.334855,106,0.0002149999999998542,0.0006499999999998174,0.00010500000000002174,0.00032999999999994145,0.16153846153854037,0.49230769230763977,11,1.33605,1.33431,1.33603,1.33464,0.0017399999999998528,0.6867816091954932,0.8103448275862245,1.340195,1.33488,0.005314999999999959,1,,0.0005016666666666595,0.0004662500000000014,1.33498,1.3354175000000001,1.33607859375,1.3362961850971766,1.3345388149028237,0.009363436156358354,0.03425894898039164,0.08293286556451739,35.809442212971845,,-34.670317910969715,-28.535136598665694,-27.1587685732909,-10.210446606248489,-16.915036510381295,1.33605,,-2,,,,,False,False,,,,,,,,,False,,,,,False,4,4.5,False,False,GBPUSD,1.334855,0.0004662500000000014,0.0005828125000000017
2026-07-07 20:15:00-04:00,1.334855,1.335045,1.334515,1.334875,107,2.0000000000131024e-05,0.0005300000000001415,0.00017000000000000348,0.00034000000000000696,0.320754716981053,0.3584905660378939,12,1.33605,1.33431,1.33603,1.33464,0.0017399999999998528,0.6752873563218538,0.6867816091954932,1.340195,1.33488,0.005314999999999959,1,,0.00047000000000000747,0.0005162499999999959,1.33488625,1.335350625,1.3360084375,1.3362213780864143,1.3344798719135857,0.0008427684381360727,0.022887247310044583,0.06257719765549348,36.141906904365975,,-25.60218755145872,-26.18180753143818,-24.894246650459383,-17.326594800645786,-16.30885487136448,1.33605,,-2,,,,,False,False,,,,,,,,,False,,,,,False,5,4.0,False,False,GBPUSD,1.334875,0.0005162499999999959,0.0006453124999999948
2026-07-07 20:30:00-04:00,1.334875,1.33539,1.334835,1.335245,108,0.00036999999999998145,0.0005550000000000832,0.00014500000000006175,4.0000000000040004e-05,0.26126126126133337,0.9279279279278666,13,1.33605,1.33431,1.33603,1.33464,0.0017399999999998528,0.4626436781609269,0.6752873563218538,1.340195,1.33488,0.005314999999999959,1,,0.00047125000000001566,0.0006050000000000222,1.33490375,1.3353075,1.335963125,1.336124927366804,1.334490072633196,0.025563640824288615,0.006178352177306378,0.0353851079245865,42.06335805519146,,-14.260711583026552,-20.13630342825731,-21.05150755128747,-24.288270498371034,-15.201371759627566,1.33605,,-2,,,,,False,True,,,,,,,,,False,,,,,False,2,3.0,False,False,GBPUSD,1.335245,0.0006050000000000222,0.0007562500000000277
2026-07-07 20:45:00-04:00,1.335245,1.33553,1.33516,1.335275,109,2.999999999997449e-05,0.0003700000000002035,0.00025500000000011624,8.500000000011276e-05,0.6891891891891243,0.7702702702700919,14,1.33605,1.33431,1.33603,1.33464,0.0017399999999998528,0.44540229885059524,0.4626436781609269,1.340195,1.33488,0.005314999999999959,1,,0.00042125000000003965,0.0005262500000000614,1.3350625,1.3352796875,1.33591625,1.3360688759181707,1.3344904990818292,0.01591685782500436,0.018746072627588196,0.008963477923049048,42.524298419467456,,30.43423575344184,-13.303708873259527,-17.08175686917264,-11.024745323003287,-12.563657310616689,1.33605,,-2,,,,,False,True,,,,,,,,,False,,,,,False,6,4.25,False,False,GBPUSD,1.335275,0.0005262500000000614,0.0006578125000000767
2026-07-07 21:00:00-04:00,1.335275,1.33547,1.33503,1.335325,110,5.0000000000105516e-05,0.00043999999999999595,0.0001449999999998397,0.00024500000000005073,0.32954545454509326,0.4431818181816978,15,1.33605,1.33431,1.33603,1.33464,0.0017399999999998528,0.4166666666666241,0.44540229885059524,1.340195,1.33488,0.005314999999999959,1,,0.0004050000000000442,0.00047375000000010603,1.33518,1.3352403125,1.33586015625,1.3359496208669146,1.3345310041330856,0.010859958956849394,0.01720195966595738,0.01575091000708104,43.325890830269174,,42.63990446533477,-12.623563597704432,-18.943715546059117,8.302810271072836,-10.492742241992373,1.33605,,-2,,,,,False,False,,,,,,,,,False,,,,,False,6,4.75,False,False,GBPUSD,1.335325,0.00047375000000010603,0.0005921875000001325
2026-07-07 21:15:00-04:00,1.335325,1.335415,1.33493,1.334955,111,0.0003700000000002035,0.0004850000000000687,8.999999999992347e-05,2.4999999999941735e-05,0.9484536082475501,0.18556701030909428,16,1.33605,1.33431,1.33603,1.33464,0.0017399999999998528,0.6293103448276787,0.4166666666666241,1.340195,1.33488,0.005314999999999959,1,,0.00042750000000004357,0.00046250000000008784,1.3352,1.3351790625,1.3357953125,1.3358018106307679,1.334556314369232,0.018349310964653292,0.017670850796468414,0.018653865012956492,39.02933098001204,,24.62356478614808,-18.542311182291915,-21.95559581897618,20.859248355474534,-9.671047927694648,1.33605,,0,,,,,False,True,,,,,,,,,False,,,,,False,6,5.0,False,False,GBPUSD,1.334955,0.00046250000000008784,0.0005781250000001098
2026-07-07 21:30:00-04:00,1.334955,1.334975,1.334225,1.334385,112,0.0005699999999999594,0.0007500000000000284,2.0000000000131024e-05,0.00015999999999993797,0.7866666666667574,0.026666666666840356,17,1.33605,1.334225,1.33603,1.334385,0.0018249999999999655,0.91232876712332,0.6000000000000487,1.340195,1.33488,0.005314999999999959,1,,0.00047250000000004233,0.0005112500000000741,1.334985,1.33507625,1.335709375,1.3356438270872755,1.3345086729127245,0.04494432521714895,0.007583836503715923,0.06376040319794245,33.56040101833403,,-33.02386755578929,-28.67314648945223,-26.684293001846658,16.16845936228385,-11.21117518594791,1.33605,,-2,,,,True,False,False,,,,,,,,,False,,,,,False,1,4.75,False,False,GBPUSD,1.334385,0.0005112500000000741,0.0006390625000000927
2026-07-07 21:45:00-04:00,1.334385,1.335115,1.334385,1.33494,113,0.0005550000000000832,0.0007300000000001194,0.00017500000000003624,0.0,0.2397260273972707,1.0,18,1.33605,1.334225,1.33603,1.334385,0.0018249999999999655,0.6082191780821727,0.91232876712332,1.340195,1.33488,0.005314999999999959,1,,0.0005125000000000454,0.0006012500000000531,1.33490125,1.3350334375,1.3356346875,1.3355275746109065,1.3345393003890933,0.002902836445773598,0.006109397540848626,0.04857088083233777,42.00109067151734,,-44.88038476769734,-25.89270910293405,-28.16533870121757,-2.6601957680009445,-13.853199422827519,1.33605,,-2,,,,,False,True,,,,,,,,,False,True,,,,True,5,4.5,False,False,GBPUSD,1.33494,0.0006012500000000531,0.0007515625000000664
2026-07-07 22:00:00-04:00,1.33494,1.335245,1.33479,1.335015,114,7.500000000004725e-05,0.0004550000000000942,0.00022999999999995246,0.0001500000000000945,0.5054945054942963,0.670329670329531,19,1.33605,1.334225,1.33603,1.334385,0.0018249999999999655,0.5671232876711872,0.6082191780821727,1.340195,1.33488,0.005314999999999959,1,,0.0005150000000000617,0.0006050000000000777,1.33482375,1.3350246875,1.3355590625,1.3355148465143771,1.334534528485623,0.0143277342795322,0.016502503816056672,0.01757926293030503,43.044096368039135,,-28.258029614723593,-9.75242494164179,-26.612777762880594,-20.384679288015537,-15.859453844267389,1.33605,,-2,,,,,False,True,,,,,,,,,False,,,,,False,9,5.25,False,False,GBPUSD,1.335015,0.0006050000000000777,0.0007562500000000971
2026-07-07 22:15:00-04:00,1.335015,1.335505,1.33497,1.335355,115,0.00034000000000000696,0.0005349999999999522,0.00014999999999987246,4.500000000007276e-05,0.2803738317754876,0.9158878504671462,20,1.33605,1.334225,1.33603,1.334385,0.0018249999999999655,0.38082191780816615,0.5671232876711872,1.340195,1.33488,0.005314999999999959,1,,0.0005320833333333774,0.0006175000000000486,1.33492375,1.33504125,1.33549765625,1.3355563895442013,1.3345261104557986,0.03230521593462587,0.03473675438867413,0.0053369137470446835,47.60067552341502,,4.289153328825927,1.491740435379837,-24.54953794406342,-25.468282152346074,-16.561534009763996,1.33605,,-2,,,,,False,False,,,,,,,,,False,,,,,False,5,5.0,False,False,GBPUSD,1.335355,0.0006175000000000486,0.0007718750000000607
2026-07-07 22:30:00-04:00,1.335355,1.335485,1.335135,1.33535,116,5.000000000032756e-06,0.0003500000000000725,0.00012999999999996348,0.00021500000000007624,0.3857142857141951,0.37142857142839014,21,1.33605,1.334225,1.33603,1.334385,0.0018249999999999655,0.38356164383558145,0.38082191780816615,1.340195,1.33488,0.005314999999999959,1,,0.0005445833333333853,0.0005175000000000596,1.335165,1.3350603125,1.335435,1.335596729650523,1.3345238953494771,0.013855965367583914,0.03181036062743574,0.005594316548897341,47.5410148114956,,48.680622173027096,6.772159966110471,-22.46713313192036,-5.042159720141978,-15.759811192123696,1.33605,,0,,,,,False,True,,,,,,,,,False,,,,,False,6,6.25,False,False,GBPUSD,1.33535,0.0005175000000000596,0.0006468750000000745
2026-07-07 22:45:00-04:00,1.33535,1.33542,1.335205,1.335275,117,7.500000000004725e-05,0.00021500000000007624,7.00000000000145e-05,7.00000000000145e-05,0.6744186046512108,0.32558139534878916,22,1.33605,1.334225,1.33603,1.334385,0.0018249999999999655,0.424657534246567,0.38356164383558145,1.340195,1.33488,0.005314999999999959,1,,0.0005054166666667211,0.0003887500000000488,1.33524875,1.3350606250000001,1.3353725,1.3355975360145083,1.334523713985492,0.0019659258246745716,0.026918253244113136,0.01081411565110486,46.60638270666043,,47.29061004265002,3.695220532018612,-22.645287366563267,18.000588982444864,-14.526638269230203,1.33605,,0,,,,,True,False,,,,,,,,,False,,,,,False,7,6.75,False,False,GBPUSD,1.335275,0.0003887500000000488,0.000485937500000061
2026-07-07 23:00:00-04:00,1.335275,1.33585,1.335275,1.335815,118,0.0005399999999999849,0.0005749999999999922,3.500000000000725e-05,0.0,0.060869565217404734,1.0,23,1.33605,1.334225,1.33603,1.334385,0.0018249999999999655,0.12876712328766557,0.424657534246567,1.340195,1.33488,0.005314999999999959,1,,0.0004991666666667357,0.00041875000000002327,1.33544875,1.335108125,1.33535578125,1.3357573637369067,1.3344588862630935,0.027425238145597226,0.05556666056540491,0.012498987675616139,53.61049647480624,,43.40545433330993,9.05535750809958,-14.792025229700576,35.91645996945324,-11.809867843639235,1.33605,,1,,,True,,False,False,,,,,,,,,False,,,,,False,7,6.25,False,False,GBPUSD,1.335815,0.00041875000000002327,0.0005234375000000291
2026-07-07 23:15:00-04:00,1.335815,1.33593,1.33564,1.335695,119,0.00011999999999989797,0.0002900000000001235,0.00011500000000008725,5.500000000013827e-05,0.8103448275858108,0.39655172413806306,24,1.33605,1.334225,1.33603,1.334385,0.0018249999999999655,0.19452054794514514,0.12876712328766557,1.340195,1.33488,0.005314999999999959,1,,0.0004791666666667342,0.0003575000000000661,1.33553375,1.3351359375,1.33537015625,1.3358426837305348,1.3344291912694652,0.012073824416650848,0.05947428105986591,0.037753646339843364,51.99378871696685,,43.531199285601,14.09240201843004,-0.4476141708754117,45.726971458647014,-8.284958638921001,1.33605,,1,,,,,False,False,,,,,True,,,,True,,,,,False,3,5.75,False,False,GBPUSD,1.335695,0.0003575000000000661,0.0004468750000000826
2026-07-07 23:30:00-04:00,1.335695,1.33573,1.33547,1.33564,120,5.500000000013827e-05,0.000260000000000149,3.500000000000725e-05,0.00017000000000000348,0.34615384615420747,0.13461538461533534,25,1.33605,1.334225,1.33603,1.334385,0.0018249999999999655,0.22465753424659135,0.19452054794514514,1.340195,1.33488,0.005314999999999959,1,,0.00045458333333340634,0.00033500000000008523,1.33560625,1.335165,1.3353728125,1.3359128301946297,1.3344171698053702,0.002526942352945153,0.04231686720369009,0.02284361857897711,51.23837098638497,,27.69947280805988,10.734923883622223,3.2492414545248263,40.48168411740521,-5.143252886392782,1.33605,1.334225,1,True,,,,False,False,,,,,,,,,False,,,,,False,3,5.0,False,False,GBPUSD,1.33564,0.00033500000000008523,0.00041875000000010654
2026-07-07 23:45:00-04:00,1.33564,1.335645,1.335405,1.33548,121,0.00015999999999993797,0.00024000000000001798,5.000000000032756e-06,7.500000000004725e-05,0.6874999999998266,0.020833333333468255,26,1.33605,1.334225,1.33603,1.334385,0.0018249999999999655,0.31232876712327134,0.22465753424659135,1.340195,1.33488,0.005314999999999959,1,,0.00044375000000005754,0.00034125000000007066,1.3356575,1.3352175,1.3353578125,1.3359275176054155,1.3345074823945844,0.013289335027875156,0.032017255615660004,0.01404265597178041,49.02799643590812,,22.416147479340058,15.209657898368693,-2.3561535543149743,34.263068476577715,-2.2886332313390123,1.33605,1.334225,1,,,,,False,True,,,,,,,,,False,,,,,False,1,3.5,False,False,GBPUSD,1.33548,0.00034125000000007066,0.00042656250000008833
2026-07-08 00:00:00-04:00,1.33548,1.335485,1.33512,1.33525,122,0.00022999999999995246,0.0003649999999999487,5.000000000032756e-06,0.00012999999999996348,0.6438356164384061,0.013698630137077969,27,1.33605,1.334225,1.33603,1.334385,0.0018249999999999655,0.43835616438352165,0.31232876712327134,1.340195,1.33488,0.005314999999999959,1,,0.00043750000000005357,0.0002887500000000598,1.33551625,1.3352421875,1.33532984375,1.335927095967881,1.334557279032119,0.01993611084851363,0.01818490325374194,0.00915096161159349,45.98617035955522,,-16.69924423401912,14.42877019353531,-8.150990351570885,19.236893834745455,-1.1945522134101068,1.33605,1.334225,1,,,,,False,False,,,,,,,,,False,,,,,False,1,2.0,False,False,GBPUSD,1.33525,0.0002887500000000598,0.00036093750000007474
2026-07-08 00:15:00-04:00,1.33525,1.33536,1.335065,1.33521,123,4.0000000000040004e-05,0.00029500000000015625,0.0001100000000000545,0.00014500000000006175,0.5084745762712375,0.37288135593219063,28,1.33605,1.334225,1.33603,1.334385,0.0018249999999999655,0.46027397260272207,0.43835616438352165,1.340195,1.33488,0.005314999999999959,1,,0.00042166666666672753,0.000290000000000068,1.335395,1.335263125,1.3353068750000001,1.3359218346761852,1.3346044153238148,0.013853578903627895,0.007255124341137428,0.014837899458958621,45.462921307315945,,-41.18592516569151,8.647469348171972,-9.636443574945876,-1.942387278077672,-3.1948305185152144,1.33605,1.334225,1,,,,,False,False,,,,,,,,,False,,,,,False,8,3.25,False,False,GBPUSD,1.33521,0.000290000000000068,0.000362500000000085
2026-07-08 00:30:00-04:00,1.33521,1.33548,1.3352,1.335335,124,0.00012499999999993072,0.000280000000000058,0.00014500000000006175,1.0000000000065512e-05,0.5178571428572561,0.9642857142854877,29,1.33605,1.334225,1.33603,1.334385,0.0018249999999999655,0.3917808219178272,0.46027397260272207,1.340195,1.33488,0.005314999999999959,1,,0.00038250000000006334,0.0002950000000000452,1.3353187499999999,1.33526875,1.335288125,1.335928281083422,1.334609218916578,0.001216937903407029,0.015820785141567657,0.00514877622950899,47.45581711911475,,-33.35824239705263,5.059868846262905,-7.916921404957975,-17.2068160793558,-5.557585431706762,1.33605,1.334225,1,,,,,False,False,,,,,,,,,False,,,,,False,12,5.5,False,False,GBPUSD,1.335335,0.0002950000000000452,0.00036875000000005653
2026-07-08 00:45:00-04:00,1.335335,1.33546,1.33523,1.335345,125,1.0000000000065512e-05,0.0002300000000001745,0.00011500000000008725,0.00010500000000002174,0.5,0.5434782608698171,30,1.33605,1.334225,1.33603,1.334385,0.0018249999999999655,0.3863013698629967,0.3917808219178272,1.340195,1.33488,0.005314999999999959,1,,0.00034083333333340127,0.00029250000000008436,1.335285,1.335273125,1.33527640625,1.3359336917547646,1.3346125582452355,0.004493422752442286,0.013995264077529514,0.003229676325593967,47.61915388170989,,-20.13630342825731,1.9091524330088743,-5.799217629121721,-27.84492880625514,-6.394795696527551,1.33605,1.334225,1,,,,,False,True,,,,,,,,,False,,,,,False,9,7.5,False,False,GBPUSD,1.335345,0.00029250000000008436,0.00036562500000010545
2026-07-08 01:00:00-04:00,1.335345,1.335875,1.335305,1.335335,126,1.0000000000065512e-05,0.0005699999999999594,0.0005299999999999194,2.999999999997449e-05,0.9473684210526726,0.9298245614034336,31,1.33605,1.334225,1.33603,1.334385,0.0018249999999999655,0.3917808219178272,0.3863013698629967,1.340195,1.33488,0.005314999999999959,1,,0.0003504166666667234,0.00034375000000008704,1.33530625,1.33527375,1.33525703125,1.335934530788159,1.3346129692118411,0.0021530641379100724,0.045028219868763736,0.0023403440680180502,47.461780220597625,,-2.3859440303832584,0.954841253878443,-5.917340246014858,-24.266603755346175,-5.85328474387435,1.33605,1.334225,2,,,,,False,False,,,,,,,,,False,,,,,False,10,9.75,False,False,GBPUSD,1.335335,0.00034375000000008704,0.0004296875000001088
2026-07-08 01:15:00-04:00,1.335335,1.33562,1.33517,1.335285,127,4.999999999988347e-05,0.00045000000000006146,0.00028500000000009074,0.00011500000000008725,0.7444444444442855,0.6333333333334484,32,1.33605,1.334225,1.33603,1.334385,0.0018249999999999655,0.41917808219173647,0.3917808219178272,1.340195,1.33488,0.005314999999999959,1,,0.00034333333333339916,0.00038250000000006334,1.335325,1.335294375,1.33523671875,1.3359343444816942,1.3346544055183056,0.0029955254338861325,0.024386008515920477,0.009314425517590786,46.63971739021007,,7.594643368598951,4.051683837802155,-7.535994781673722,-12.071461621773562,-5.320254569605509,1.33605,1.334225,2,,,,,False,False,,,,,,,,,False,,,,,False,7,9.5,False,False,GBPUSD,1.335285,0.00038250000000006334,0.0004781250000000792
2026-07-08 01:30:00-04:00,1.335285,1.335895,1.33527,1.335755,128,0.00046999999999997044,0.0006250000000000977,0.000140000000000029,1.5000000000098268e-05,0.22400000000001136,0.9759999999998465,33,1.33605,1.334225,1.33603,1.334385,0.0018249999999999655,0.16164383561640536,0.41917808219173647,1.340195,1.33488,0.005314999999999959,1,,0.0003662500000000679,0.0004687500000000733,1.3354300000000001,1.33538,1.335228125,1.3358559595571053,1.3349040404428947,0.02433673049129559,0.03856580149470886,0.008237355659067419,54.53541947918003,,22.4161474793763,19.502448506657878,-5.503696715878746,1.8721358473336704,-4.746365080807635,1.33605,1.334225,2,,,,,False,False,,,,,,,,,False,,,,,False,4,7.5,False,False,GBPUSD,1.335755,0.0004687500000000733,0.0005859375000000916
2026-07-08 01:45:00-04:00,1.335755,1.335885,1.335365,1.335645,129,0.0001100000000000545,0.000520000000000076,0.00012999999999996348,0.000280000000000058,0.4615384615384287,0.24999999999989325,34,1.33605,1.334225,1.33603,1.334385,0.0018249999999999655,0.2219178082191761,0.16164383561640536,1.340195,1.33488,0.005314999999999959,1,,0.00039166666666673455,0.0005412500000000486,1.335505,1.3354240625,1.33522875,1.3358575688256458,1.3349905561743542,0.010482925934386543,0.03451618949692098,0.004422752416900942,52.592650148221296,,30.963756532052027,23.37842601699467,-1.5215613564458852,14.647150837411004,-3.7787476891810092,1.33605,1.334225,2,,,,,True,False,,,,,,,,,False,,,,,False,6,6.75,False,False,GBPUSD,1.335645,0.0005412500000000486,0.0006765625000000608
2026-07-08 02:00:00-04:00,1.335645,1.33619,1.335505,1.335735,130,8.999999999992347e-05,0.0006850000000000467,0.0004550000000000942,0.000140000000000029,0.664233576642428,0.795620437956176,35,1.33619,1.334225,1.33603,1.334385,0.0019649999999999945,0.23155216284992136,0.2773536895674398,1.340195,1.33488,0.005314999999999959,1,,0.00040083333333340576,0.0005700000000000705,1.335605,1.3354690625,1.335246875,1.3358717599476888,1.3350663650523114,0.009733416691309444,0.05398384135161554,0.0026910020612971506,54.022104265536385,,30.256437163502788,16.534837857357438,3.5763343749890377,22.807746135882518,-1.6858339317294426,1.33605,1.334225,2,,,,,False,False,,True,1.0,1.33605,,True,,,True,,,,,False,7,6.0,False,False,GBPUSD,1.335735,0.0005700000000000705,0.0007125000000000881
2026-07-08 02:15:00-04:00,1.335735,1.3366,1.335725,1.336385,131,0.0006500000000000394,0.0008749999999999591,0.00021500000000007624,9.999999999843467e-06,0.24571428571438433,0.988571428571607,36,1.3366,1.334225,1.336385,1.334385,0.002375000000000016,0.09052631578950518,0.3642105263158357,1.340195,1.33488,0.005314999999999959,1,,0.00044958333333339207,0.0006762500000000449,1.33588,1.3355334375,1.33528734375,1.3361267936193542,1.334940081380646,0.03780279665838082,0.07986041158178965,0.014343519572115866,62.6889583745034,,51.34019174591097,20.03101268091091,11.051457026655635,33.74413323021052,1.6026056274369058,1.33605,1.334225,2,,,,,False,False,,,2.0,1.33605,,,,,False,,,,,False,0,4.25,False,False,GBPUSD,1.336385,0.0006762500000000449,0.0008453125000000561
2026-07-08 02:30:00-04:00,1.336385,1.33659,1.336175,1.336325,132,5.999999999994898e-05,0.0004150000000000542,0.00020500000000001073,0.0001500000000000945,0.6385542168672894,0.4939759036144192,37,1.3366,1.334225,1.336385,1.334385,0.002375000000000016,0.11578947368422036,0.09052631578950518,1.340195,1.33488,0.005314999999999959,1,,0.0004625000000000508,0.000623750000000034,1.3360225,1.335594375,1.33532734375,1.3362911162988331,1.3348976337011667,0.022641834250552995,0.07454546220292786,0.04347315404049986,61.546649817288284,,54.30037866099645,22.67070037675173,15.014965728062101,41.71519102561556,5.072793505133292,1.33605,1.334225,2,,,,,False,False,,,,,,,,,False,,,,,False,4,4.25,False,False,GBPUSD,1.336325,0.000623750000000034,0.0007796875000000425
2026-07-08 02:45:00-04:00,1.336325,1.336545,1.335855,1.33653,133,0.00020500000000001073,0.0006900000000000794,1.5000000000098268e-05,0.00046999999999997044,0.021739130434922524,0.3188405797102662,38,1.3366,1.334225,1.33653,1.334385,0.002375000000000016,0.02947368421053222,0.11578947368422036,1.340195,1.33488,0.005314999999999959,1,,0.000500000000000056,0.0006662500000000349,1.33624375,1.3356728125,1.33536671875,1.3364816308413936,1.3348639941586062,0.021421989812864865,0.06529948740722584,0.013640129401083936,63.94125706760173,,50.486156425004005,24.918795560836415,14.819918007451124,46.59579099885355,8.155324732939938,1.33605,1.334225,2,True,,,,False,False,,,3.0,1.33605,,,,,False,,,,,False,7,4.5,False,False,GBPUSD,1.33653,0.0006662500000000349,0.0008328125000000436
2026-07-08 03:00:00-04:00,1.33653,1.336585,1.335535,1.335915,134,0.0006150000000000322,0.0010499999999999954,5.499999999991623e-05,0.00038000000000004697,0.6380952380951918,0.05238095238087283,39,1.3366,1.334225,1.33653,1.334385,0.002375000000000016,0.2884210526315967,0.02947368421053222,1.340195,1.33488,0.005314999999999959,1,,0.0005570833333333932,0.000757500000000022,1.33628875,1.3356790625,1.33539359375,1.3364937036690892,1.3348644213309107,0.02796925439954961,0.0678259864539884,0.010785712230177765,53.31664867370474,,41.58905504465864,15.76393094326286,12.4529527938607,49.42894546914252,10.103890753835795,1.33605,1.334225,2,,,,,True,False,,,4.0,1.33605,,,,,False,,,,,False,5,4.0,False,False,GBPUSD,1.335915,0.000757500000000022,0.0009468750000000276
2026-07-08 03:15:00-04:00,1.335915,1.336815,1.3357,1.33663,135,0.0007150000000000212,0.0011149999999999771,0.00018500000000010175,0.0002149999999998542,0.16591928251130542,0.8071748878925035,40,1.336815,1.334225,1.33663,1.334385,0.0025900000000000922,0.07142857142860817,0.3474903474903826,1.340195,1.33488,0.005314999999999959,1,,0.0006254166666667116,0.0008175000000000265,1.33635,1.3357375,1.33543671875,1.3366734420388038,1.3348015579611963,0.02095259475437258,0.0806670472304674,0.0028074378386406464,61.292644412433624,,19.502448506657878,12.168103458360784,13.134022306398949,41.46950965932925,10.623892106352278,1.33605,1.334225,2,,,,,False,False,,,2.0,1.33605,,,,,False,,,,,False,4,5.0,False,False,GBPUSD,1.33663,0.0008175000000000265,0.0010218750000000332
2026-07-08 03:30:00-04:00,1.33663,1.337005,1.33647,1.33673,136,9.999999999998899e-05,0.0005349999999999522,0.0002750000000000252,0.00015999999999993797,0.5140186915888781,0.7009345794393416,41,1.337005,1.334225,1.33673,1.334385,0.0027800000000000047,0.09892086330936142,0.13489208633094013,1.340195,1.33488,0.005314999999999959,1,,0.0006466666666667028,0.000847500000000001,1.33645125,1.3358056249999999,1.3354853125,1.3368550586270103,1.3347561913729895,0.020857476095733626,0.08978664092690233,0.04973590375472191,62.25471789587128,,28.442928624373003,22.873665190623893,16.999920627759977,35.005147150173386,11.088171400617858,1.33605,1.334225,2,,,,,False,False,,,,,,,,,False,,,,,False,6,5.5,False,False,GBPUSD,1.33673,0.000847500000000001,0.0010593750000000013
2026-07-08 03:45:00-04:00,1.33673,1.337015,1.33649,1.336515,137,0.00021500000000007624,0.0005250000000001087,0.00028500000000009074,2.4999999999941735e-05,0.9523809523810732,0.5428571428572033,42,1.337015,1.334225,1.33673,1.334385,0.00279000000000007,0.17921146953410552,0.10215053763443856,1.340195,1.33488,0.005314999999999959,1,,0.0006712500000000307,0.0008062500000000083,1.3364475,1.3358703125,1.33554390625,1.336958369648947,1.3347822553510529,0.005050703450744387,0.08568852000744455,0.04638829789100248,58.89750542983928,,18.00416160592783,23.879371364339754,19.661385361813725,26.884648445404338,12.357672230429014,1.33605,1.334225,2,,,,,False,False,,,,,,,,,False,,,,,False,8,5.75,False,False,GBPUSD,1.336515,0.0008062500000000083,0.0010078125000000104
2026-07-08 04:00:00-04:00,1.336515,1.33703,1.336335,1.33658,138,6.500000000020378e-05,0.0006949999999998902,0.0004499999999998394,0.00017999999999984695,0.6474820143883605,0.7410071942447836,43,1.33703,1.334225,1.33673,1.334385,0.0028049999999999464,0.16042780748657684,0.1836007130124966,1.340195,1.33488,0.005314999999999959,1,,0.0006816666666666915,0.000717499999999982,1.33661375,1.3359534375,1.3355978125,1.337042449200752,1.334864425799248,0.0025250376183719885,0.08058383397063484,0.02856106278031107,59.60007722798366,,28.44292862434021,26.22985194528431,20.556045219613925,23.59811684032473,14.329961184657448,1.33605,1.334225,2,,,,,False,False,,,,,,,,,False,,,,,False,5,5.75,False,False,GBPUSD,1.33658,0.000717499999999982,0.0008968749999999776
2026-07-08 04:15:00-04:00,1.33658,1.336885,1.334015,1.33509,139,0.0014899999999999913,0.00287000000000015,0.0003049999999999997,0.0010750000000001592,0.6254355400696505,0.10627177700347866,44,1.33703,1.334015,1.33673,1.334385,0.00301499999999999,0.6434494195687686,0.14925373134323083,1.340195,1.33488,0.005314999999999959,1,,0.0008833333333333656,0.0011562500000000253,1.33622875,1.3359459375,1.33560453125,1.3370567604986703,1.3348351145013297,0.0852211868663929,0.07029195371164391,0.1445370988300238,42.03257081062936,,-36.09828396709981,14.148532945946004,11.424661554773865,9.69793372188531,14.001958171668663,1.33605,1.334225,2,,,,True,False,False,True,,3.0,1.334225,,,,,False,,,,,False,7,6.5,False,False,GBPUSD,1.33509,0.0011562500000000253,0.0014453125000000316
2026-07-08 04:30:00-04:00,1.33509,1.335305,1.333875,1.33456,140,0.0005300000000001415,0.0014300000000000423,0.0002149999999998542,0.0006850000000000467,0.5209790209790025,0.15034965034954392,45,1.33703,1.333875,1.33673,1.334385,0.003155000000000019,0.7828843106180531,0.6148969889064403,1.340195,1.33488,0.005314999999999959,1,,0.0009504166666666943,0.0013800000000000479,1.33568625,1.3358975,1.335583125,1.337166924082015,1.334628075917985,0.08431995163534814,0.0443522051654409,0.15139634590228954,37.80464999569987,,-72.07619217852724,-10.561988284730115,-2.8028678863797873,-15.431846478839752,12.195224403059267,1.33605,1.334225,0,,,,,False,False,True,,3.0,1.334225,,,,,False,,,,,False,8,7.0,False,False,GBPUSD,1.33456,0.0013800000000000479,0.0017250000000000598
2026-07-08 04:45:00-04:00,1.33456,1.33519,1.33375,1.333975,141,0.0005850000000000577,0.0014400000000001079,0.0006300000000001305,0.0002249999999999197,0.8437500000000675,0.43750000000005784,46,1.33703,1.33375,1.33673,1.333975,0.0032799999999999496,0.9314024390244137,0.753048780487808,1.340195,1.33488,0.005314999999999959,1,,0.0010270833333333635,0.0016087500000000476,1.33505125,1.335811875,1.3355425,1.3373706560742693,1.3342530939257309,0.08061488276199971,0.04655408531983547,0.15435369594989576,33.801634156488745,,-75.70644188695324,-24.07867376797728,-11.682461551598843,-38.85949735206002,8.878328226796922,1.33605,1.334225,-1,,,,,False,False,,,4.0,1.334225,,,,,False,,,,,False,5,6.25,False,False,GBPUSD,1.333975,0.0016087500000000476,0.0020109375000000596
2026-07-08 05:00:00-04:00,1.333975,1.334475,1.332235,1.332275,142,0.0016999999999998128,0.0022400000000000198,0.000500000000000167,4.0000000000040004e-05,0.9821428571428394,0.22321428571435828,47,1.33703,1.332235,1.33673,1.332275,0.004794999999999883,0.9916579770594284,0.6371220020855276,1.340195,1.33488,0.005314999999999959,1,,0.0011566666666666947,0.00199500000000008,1.3339750000000001,1.335620625,1.3354471875,1.3379344985785475,1.3333067514214525,0.12743867013999774,0.0857747311292028,0.2534870259284853,25.44883886833165,,-80.05649672895566,-42.70443185945349,-24.376468616686143,-65.98435369038398,5.044065689475345,1.33605,1.334225,-1,,,,,False,False,,,1.0,1.334225,,,,,False,,,,,False,1,5.25,False,False,GBPUSD,1.332275,0.00199500000000008,0.0024937500000001
2026-07-08 05:15:00-04:00,1.332275,1.33383,1.332215,1.333535,143,0.0012599999999998168,0.001615000000000144,0.00029500000000015625,6.000000000017103e-05,0.18266253869977087,0.9628482972135197,48,1.33703,1.332215,1.33673,1.332275,0.004815000000000014,0.7258566978193179,0.9875389408099333,1.340195,1.33488,0.005314999999999959,1,,0.0012183333333333768,0.0016812500000000785,1.33358625,1.33551125,1.3354028125,1.3380342355825985,1.3329882644174014,0.0038430210269533144,0.12588811962458993,0.24681559215618742,37.63308703457129,True,-78.42707235232213,-45.05962097694906,-24.96786407068944,-76.56655078668956,1.8237332788981513,1.33605,1.334225,-1,,,,,False,False,,,,,,,,,False,True,,,,True,2,4.0,False,False,GBPUSD,1.333535,0.0016812500000000785,0.002101562500000098
2026-07-08 05:30:00-04:00,1.333535,1.33457,1.33333,1.334475,144,0.0009400000000001629,0.0012400000000001299,9.499999999995623e-05,0.00020500000000001073,0.07661290322576313,0.8346774193548474,49,1.33703,1.332215,1.33673,1.332275,0.004815000000000014,0.5306334371754633,0.7258566978193179,1.340195,1.33488,0.005314999999999959,1,,0.001287083333333383,0.0016337500000001004,1.3335650000000001,1.33543125,1.335405625,1.3379990226242797,1.3328634773757204,0.06823814362254306,0.06449227543537232,0.15734617562679962,44.81077612988483,,-53.80679269443674,-32.26216929611719,-7.887643914400532,-71.99920091566695,1.1742668683154185,1.33605,1.334225,-1,,,,,False,False,,,2.0,1.334225,,,,,False,,,,,False,0,2.0,False,False,GBPUSD,1.334475,0.0016337500000001004,0.0020421875000001255
2026-07-08 05:45:00-04:00,1.334475,1.33487,1.334095,1.334195,145,0.000280000000000058,0.0007749999999999702,0.0003949999999999232,9.999999999998899e-05,0.8709677419354931,0.5096774193547592,50,1.33703,1.332215,1.33673,1.332275,0.004815000000000014,0.5887850467289538,0.5306334371754633,1.340195,1.33488,0.005314999999999959,1,,0.0012941666666667073,0.001467500000000066,1.33362,1.335340625,1.33538234375,1.3379733538005982,1.3327078961994017,0.04311573011802403,0.035243816535570974,0.09328144270304942,43.22998538380955,,6.418786730249077,-29.629054407189912,-3.9031940489014207,-51.46789376136636,2.777365977626244,1.33605,1.334225,-2,,,,,False,False,,,4.0,1.334225,,,,,False,,,,,False,4,1.75,False,False,GBPUSD,1.334195,0.001467500000000066,0.0018343750000000825
2026-07-08 06:00:00-04:00,1.334195,1.334675,1.33414,1.334335,146,0.000140000000000029,0.0005349999999999522,0.00034000000000000696,5.499999999991623e-05,0.6355140186916586,0.8971962616823904,51,1.33703,1.332215,1.33673,1.332275,0.004815000000000014,0.5597092419522086,0.5887850467289538,1.340195,1.33488,0.005314999999999959,1,,0.001251250000000037,0.001041250000000049,1.334135,1.335253125,1.33536109375,1.3379204407738632,1.3325858092261367,0.014990986669263453,0.04329703403614007,0.08336434337121106,44.2783553557048,,62.2414593989383,-30.699722550834178,-8.443190929162427,-15.893404729392874,5.605475009303178,1.33703,1.334225,-2,,True,,,False,True,,,2.0,1.334225,,,,,False,,,,,False,6,3.0,False,False,GBPUSD,1.334335,0.001041250000000049,0.0013015625000000614
2026-07-08 06:15:00-04:00,1.334335,1.335155,1.334065,1.33498,147,0.0006450000000000067,0.0010900000000000354,0.00017500000000003624,0.00026999999999999247,0.16055045871562437,0.7522935779816663,52,1.33703,1.332215,1.33673,1.332275,0.004815000000000014,0.42575285565937265,0.5597092419522086,1.340195,1.33488,0.005314999999999959,1,,0.0012491666666667085,0.0009100000000000219,1.33449625,1.3351653125,1.335349375,1.3377695577571476,1.3325610672428525,0.036249633522770566,0.0007723762670731201,0.08241020716301586,48.914467124352484,,71.10043489491714,-30.300947373644856,-6.271401465677519,21.488472082416944,7.693327558243529,1.33703,1.334225,-2,,,True,,True,False,,,3.0,1.334225,,,,,False,,,,,False,3,3.25,False,False,GBPUSD,1.33498,0.0009100000000000219,0.0011375000000000274
2026-07-08 06:30:00-04:00,1.33498,1.33572,1.33484,1.335605,148,0.0006249999999998757,0.0008799999999999919,0.00011500000000008725,0.000140000000000029,0.13068181818191854,0.8409090909090565,53,1.33703,1.332215,1.33673,1.332275,0.004815000000000014,0.295950155763241,0.42575285565937265,1.340195,1.33488,0.005314999999999959,1,,0.0012779166666667119,0.0008199999999999874,1.33477875,1.3351203125,1.33535734375,1.3376670959339367,1.3325735290660632,0.061901644748242245,0.044916364044911256,0.02099529887872447,52.95974762115586,,65.0135667952144,-23.879371364339754,-0.7161599454857,51.19356195482973,8.203732077686881,1.33703,1.334225,-2,,,True,,False,False,,,,,,,,,False,,,,,False,1,3.5,False,False,GBPUSD,1.335605,0.0008199999999999874,0.0010249999999999843
2026-07-08 06:45:00-04:00,1.335605,1.335705,1.334555,1.334585,149,0.0010200000000000209,0.0011499999999999844,9.999999999998899e-05,2.999999999997449e-05,0.9739130434782827,0.08695652173912204,54,1.33703,1.332215,1.33673,1.332275,0.004815000000000014,0.5077881619937743,0.295950155763241,1.340195,1.33488,0.005314999999999959,1,,0.001330000000000035,0.000913749999999991,1.33487625,1.33499875,1.33533578125,1.3374486135166066,1.3325488864833934,0.021818501902335606,0.05290267125717596,0.03323973149788163,46.54379196653365,,51.70983680776038,-29.039399558213184,-2.594440325825308,62.51632447420756,8.341832914096582,1.33703,1.334225,-2,,,,,False,True,,,,,,,,,False,,,,,False,5,3.75,False,False,GBPUSD,1.334585,0.000913749999999991,0.0011421874999999887
2026-07-08 07:00:00-04:00,1.334585,1.3347,1.33403,1.33409,150,0.0004949999999999122,0.0006699999999999484,0.00011500000000008725,5.999999999994898e-05,0.9104477611940991,0.17164179104491956,55,1.33703,1.332215,1.33673,1.332275,0.004815000000000014,0.6105919003115128,0.5077881619937743,1.340195,1.33488,0.005314999999999959,1,,0.0013279166666667064,0.00094749999999999,1.3348149999999999,1.3348846875,1.335281875,1.337323205156154,1.332446169843846,0.05431464285311933,0.013835464720618617,0.06402706600827279,43.797191677102894,,6.889837456180644,-38.146681675453934,-14.120470940527913,48.678418988518146,7.200719886686291,1.33703,1.334225,-2,,,,,False,False,,,4.0,1.334225,,,,,False,,,,,False,0,2.25,False,False,GBPUSD,1.33409,0.00094749999999999,0.0011843749999999875
2026-07-08 07:15:00-04:00,1.33409,1.334375,1.33375,1.333975,151,0.00011500000000008725,0.0006250000000000977,0.00028500000000009074,0.0002249999999999197,0.6400000000001848,0.4560000000000739,56,1.33703,1.332215,1.33673,1.332275,0.004815000000000014,0.634475597092424,0.6105919003115128,1.340195,1.33488,0.005314999999999959,1,,0.0011408333333333687,0.0008312500000000056,1.33456375,1.33471875,1.335228125,1.337016919108225,1.3324205808917748,0.044115539628596816,0.02575448947576896,0.07258083397719278,43.16594899425739,,-46.169139327901725,-43.025065989123945,-19.740735973502186,19.361025432813427,4.39758430501433,1.33703,1.332215,-2,,,,True,False,False,,,1.0,1.334225,,,,,False,,,,,False,4,2.5,False,False,GBPUSD,1.333975,0.0008312500000000056,0.001039062500000007
2026-07-08 07:30:00-04:00,1.333975,1.334785,1.33297,1.33425,152,0.0002750000000000252,0.001815000000000122,0.0005350000000001742,0.0010049999999999226,0.2947658402204618,0.4462809917356171,57,1.33703,1.332215,1.33673,1.332275,0.004815000000000014,0.5773624091381094,0.634475597092424,1.340195,1.33488,0.005314999999999959,1,,0.0011729166666667086,0.0010650000000000381,1.334225,1.33456375,1.3351846875,1.336620235168923,1.3325072648310772,0.0018737469317350324,0.016578451198008465,0.11942104676528643,45.181262876141815,,-63.0478210687659,-46.93123469020257,-17.950163761696253,-12.65432153318165,1.5617313713635248,1.33703,1.332215,-2,,,,,False,True,,,2.0,1.334225,,,,,False,,,,,False,8,4.25,False,False,GBPUSD,1.33425,0.0010650000000000381,0.0013312500000000477
2026-07-08 07:45:00-04:00,1.33425,1.334395,1.333425,1.333585,153,0.0006649999999999157,0.0009699999999999154,0.00014500000000006175,0.00015999999999993797,0.8350515463918021,0.1494845360825509,58,1.33703,1.332215,1.33673,1.332275,0.004815000000000014,0.7154724818276035,0.5773624091381094,1.340195,1.33488,0.005314999999999959,1,,0.001133750000000026,0.0010200000000000209,1.333975,1.334380625,1.33512546875,1.336219819371865,1.3325414306281351,0.029235930208578908,0.0010772788311355977,0.0716156231659925,41.39508880160763,,-62.99869497302698,-48.41909197667757,-18.89030541213425,-41.33145447837849,-1.107482455272945,1.33703,1.332215,-2,,,,,False,True,,,4.0,1.334225,,,,,False,,,,,False,4,4.0,False,False,GBPUSD,1.333585,0.0010200000000000209,0.0012750000000000261
2026-07-08 08:00:00-04:00,1.333585,1.334955,1.333465,1.334755,154,0.0011699999999998933,0.0014899999999999913,0.00019999999999997797,0.00012000000000012001,0.13422818791944907,0.9194630872482411,59,1.33703,1.332215,1.33673,1.332275,0.004815000000000014,0.4724818276220188,0.7154724818276035,1.340195,1.33488,0.005314999999999959,1,,0.0010712500000000236,0.0012250000000000316,1.33414125,1.3342665625,1.33511,1.3357350043559737,1.3327981206440265,0.04600337483005322,0.051596698841788254,0.060075139595667244,49.35917455443877,,-15.597961584649,-44.73016315897658,-13.980057381967523,-46.953404238585904,-1.0730673724801287,1.33703,1.332215,-2,,,,,False,False,,,2.0,1.334225,,,,,False,,,,,False,6,5.5,False,False,GBPUSD,1.334755,0.0012250000000000316,0.0015312500000000395
2026-07-08 08:15:00-04:00,1.334755,1.335365,1.33472,1.33529,155,0.0005350000000001742,0.0006450000000000067,7.49999999998252e-05,3.500000000000725e-05,0.11627906976716966,0.9457364341085165,60,1.33703,1.332215,1.33673,1.332275,0.004815000000000014,0.3613707165108718,0.4724818276220188,1.340195,1.33488,0.005314999999999959,1,,0.0009904166666666787,0.0012300000000000089,1.33447,1.3342790625,1.3351125,1.3357784091024822,1.3327797158975179,0.061447615907442125,0.08138758454061076,0.03304687245662669,52.50711910417321,,58.78159723566051,-18.703101839372476,-2.475307650190095,-20.71572009769534,2.050917702562122,1.33703,1.332215,0,,,True,,False,False,,,,,,,,,False,,,,,False,3,5.25,False,False,GBPUSD,1.33529,0.0012300000000000089,0.001537500000000011
2026-07-08 08:30:00-04:00,1.33529,1.335475,1.33474,1.33529,156,0.0,0.0007349999999999302,0.0001849999999998797,0.0005500000000000504,0.25170068027196907,0.25170068027196907,61,1.33703,1.332215,1.33673,1.332275,0.004815000000000014,0.3613707165108718,0.3613707165108718,1.340195,1.33488,0.005314999999999959,1,,0.0009483333333333288,0.0009599999999999609,1.33473,1.3343246875,1.33511109375,1.3358980535919747,1.3327513214080255,0.04195605103654791,0.0862093395090437,0.031125295356564504,52.50711910417323,,62.99869497301824,10.96519668514159,0.20888993726419,10.795908912750694,5.0620719953768365,1.33703,1.332215,0,,,,,False,False,,,,,,,,,False,,,,,False,4,4.25,False,False,GBPUSD,1.33529,0.0009599999999999609,0.001199999999999951
2026-07-08 08:45:00-04:00,1.33529,1.335675,1.334005,1.33411,157,0.001180000000000181,0.0016699999999998383,0.0003849999999998577,0.0001049999999997997,0.9371257485031078,0.23053892215562571,62,1.33703,1.332215,1.33673,1.332275,0.004815000000000014,0.6064382139148548,0.3613707165108718,1.340195,1.33488,0.005314999999999959,1,,0.0010229166666666512,0.0011349999999999416,1.3348612499999999,1.334333125,1.3350724999999999,1.3359003353998824,1.3327659146001174,0.05627925748837051,0.10056521680071819,0.024590935640587536,45.421561537248834,,52.519977663347376,10.215535313149523,-7.594643368598951,39.67557707184428,7.332580779489483,1.33703,1.332215,0,,,,,False,False,,,4.0,1.334225,,,,,False,,,,,False,2,3.75,False,False,GBPUSD,1.33411,0.0011349999999999416,0.001418749999999927
2026-07-08 09:00:00-04:00,1.33411,1.33519,1.33404,1.3349,158,0.0007900000000000684,0.0011500000000002064,0.0002900000000001235,7.00000000000145e-05,0.25217391304354037,0.939130434782607,63,1.33703,1.332215,1.33673,1.332275,0.004815000000000014,0.4423676012460974,0.6064382139148548,1.340195,1.33488,0.005314999999999959,1,,0.0010741666666666723,0.0010499999999999954,1.3348975,1.3344971875,1.33505890625,1.3356675932456177,1.3333267817543824,0.00018728029679472436,0.051915620841282886,0.034259158002168694,50.218837298584795,,29.176079067992813,29.898901838601475,-9.868325660294836,50.869087235004734,8.318894001313735,1.33703,1.332215,0,,,,,True,False,,,2.0,1.334225,,,,,False,,,,,False,5,3.5,False,False,GBPUSD,1.3349,0.0010499999999999954,0.0013124999999999942
2026-07-08 09:15:00-04:00,1.3349,1.3364,1.33433,1.336095,159,0.0011950000000000571,0.0020700000000000163,0.0003049999999999997,0.0005699999999999594,0.14734299516908084,0.724637681159442,64,1.33703,1.332215,1.33673,1.332275,0.004815000000000014,0.1941848390446325,0.4423676012460974,1.340195,1.33488,0.005314999999999959,1,,0.0011558333333333375,0.0014062499999999978,1.33509875,1.3346571875,1.33508421875,1.3359511154768886,1.3333632595231113,0.07461994852440929,0.13058128456675916,0.024514722062285145,56.401987629085816,,38.36748538487476,47.20810747727063,2.2369790634695432,45.765559272308295,9.280545314322355,1.33703,1.332215,1,,,True,,False,False,,,2.0,1.33605,,,,,False,,,,,False,1,3.0,False,False,GBPUSD,1.336095,0.0014062499999999978,0.0017578124999999972
2026-07-08 09:30:00-04:00,1.336095,1.33711,1.336085,1.33696,160,0.0008649999999998936,0.0010250000000000536,0.0001500000000000945,1.0000000000065512e-05,0.14634146341471868,0.990243902438961,65,1.33711,1.332215,1.33696,1.332275,0.004895000000000094,0.030643513789599924,0.2073544433094931,1.340195,1.33488,0.005314999999999959,1,,0.0011679166666666758,0.0014787500000000287,1.33551625,1.3348125,1.335121875,1.3365140287244122,1.3331109712755878,0.10810426305183228,0.17212155265253085,0.0953317413494412,60.21718656755023,,64.13364320590149,46.42555299729782,11.854062776353988,46.04929633052911,10.584217055776266,1.33703,1.332215,1,,,True,,False,False,,True,1.0,1.33703,,,,,False,,,,,False,1,2.25,False,False,GBPUSD,1.33696,0.0014787500000000287,0.0018484375000000358
